team_code,team_name,club,age,team_rank,matches_played,first_match_date,last_match_date,early_win_rate,late_win_rate,delta_win_rate,early_point_margin,late_point_margin,delta_point_margin,early_set_margin,late_set_margin,delta_set_margin,early_expected_win_rate,late_expected_win_rate,delta_expected_win_rate,early_performance_above_expected,late_performance_above_expected,delta_performance_above_expected,early_close_match_win_rate,late_close_match_win_rate,delta_close_match_win_rate,is_reliable_sample
B15NEVBC1NE,NEVBC Boys 15.1,NEVBC,15,1,11,2025-12-20,2026-02-01,0.2,1.0,0.8,-3.0,10.4,13.4,-0.6,1.4,2.0,0.4960996832155359,0.5909270729465166,0.0948273897309807,-0.2960996832155359,0.4090729270534835,0.7051726102690195,0.2,1.0,0.8,True
B16SAVBC1XL,Sporting Albany Boys 16u,SAVBC,16,1,17,2025-12-20,2026-03-15,0.2,1.0,0.8,-1.0,21.0,22.0,-0.4,2.0,2.4,0.548498640025692,0.661234425450328,0.11273578542463591,-0.34849864002569203,0.3387655745496721,0.6872642145753641,0.0,1.0,1.0,True
B17MVPVA2NE,MVP BOS 17 Blue,MVPVA,17,2,19,2025-11-22,2026-02-08,0.2,0.8,0.6000000000000001,-0.8,4.4,5.2,-0.8,0.8,1.6,0.577488755324202,0.5082165717822504,-0.06927218354195153,-0.377488755324202,0.2917834282177495,0.6692721835419515,0.0,0.8,0.8,True
B18PVJVB2NE,PV Boys 18 2,PVJVB,18,2,19,2025-12-20,2026-02-01,0.0,0.8,0.8,-10.2,9.2,19.4,-1.6,1.2,2.8,0.3810250133296152,0.5781871473719554,0.19716213404234023,-0.3810250133296152,0.2218128526280446,0.6028378659576598,0.0,0.6666666666666666,0.6666666666666666,True
B18PVJVB4NE,PV Boys 18 4,PVJVB,18,4,19,2026-01-17,2026-03-15,0.0,0.6,0.6,-11.8,4.0,15.8,-1.6,0.4,2.0,0.5810277507795061,0.5947652563429904,0.013737505563484298,-0.5810277507795061,0.005234743657009577,0.5862624944365157,0.0,0.0,0.0,True
B17PVJVB2NE,PV Boys 17 2,PVJVB,17,2,19,2026-01-17,2026-03-15,0.2,0.8,0.6000000000000001,-5.6,5.2,10.8,-1.0,0.8,1.8,0.4952015848039738,0.5689348250607646,0.07373324025679084,-0.2952015848039738,0.23106517493923534,0.5262667597432091,0.0,0.6666666666666666,0.6666666666666666,True
B18UNVBC1NE,Unity 18 Boys National Vikings,UNVBC,18,1,12,2026-02-06,2026-03-15,0.0,0.6,0.6,-12.0,-3.2,8.8,-2.0,0.0,2.0,0.3357692463010627,0.4259918849038275,0.0902226386027648,-0.3357692463010627,0.17400811509617256,0.5097773613972353,0.0,0.6666666666666666,0.6666666666666666,True
B17RRJVB2NE,Boston United Boys 17 Northeast,RRJVB,17,2,24,2025-11-22,2026-03-15,0.4,1.0,0.6,-4.4,13.4,17.8,-0.6,1.8,2.4,0.48084145323733657,0.5994491062163961,0.11860765297905956,-0.08084145323733657,0.40055089378360387,0.48139234702094047,0.3333333333333333,1.0,0.6666666666666667,True
B18NYCIV1GE,NYC Impact 18 National,NYCIV,18,1,8,2026-02-06,2026-02-08,0.6,1.0,0.4,3.6,7.2,3.6,0.4,1.2,0.7999999999999999,0.5964653547506323,0.5436895087603243,-0.052775845990308046,0.0035346452493676406,0.4563104912396757,0.45277584599030807,0.6666666666666666,1.0,0.33333333333333337,True
B17RRJVB1NE,Boston United Boys 17 National 1,RRJVB,17,1,23,2025-11-22,2026-03-15,0.4,0.8,0.4,3.2,7.6,4.3999999999999995,-0.2,1.4,1.5999999999999999,0.4827578443087132,0.4418817445349352,-0.04087609977377804,-0.08275784430871322,0.3581182554650648,0.44087609977377806,0.5,1.0,0.5,True
B15LEGIO1XL,TeamLVC Boys 15 Black,LEGIO,15,1,18,2025-12-20,2026-03-15,0.4,0.8,0.4,-2.6,5.0,7.6,-0.4,1.0,1.4,0.6725100821950789,0.634197295714757,-0.03831278648032188,-0.27251008219507883,0.16580270428524285,0.4383127864803217,0.0,0.5,0.5,True
B17HKJVB1NE,Husky 17.1,HKJVB,17,1,11,2026-01-31,2026-03-15,0.6,1.0,0.4,8.8,13.2,4.399999999999999,0.4,1.4,0.9999999999999999,0.684977617639172,0.6735230574830534,-0.011454560156118565,-0.08497761763917203,0.3264769425169466,0.4114545601561186,,1.0,,True
B18HKJVB1NE,Husky 18.1,HKJVB,18,1,10,2026-01-31,2026-03-15,0.4,0.8,0.4,-1.0,5.6,6.6,-0.6,1.0,1.6,0.5608432903570142,0.555252788852542,-0.005590501504472156,-0.16084329035701422,0.244747211147458,0.40559050150447223,0.0,0.6666666666666666,0.6666666666666666,True
B18TUSVA1GE,Train Up VB 18 1,TUSVA,18,1,9,2026-02-06,2026-02-08,0.4,0.8,0.4,-2.2,3.8,6.0,-0.6,0.8,1.4,0.5129316408444345,0.5158386359251501,0.0029069950807155687,-0.11293164084443455,0.28416136407484993,0.39709300491928445,0.25,0.75,0.5,True
B16ALLIN1FL,AVA 16 Boys,ALLIN,16,1,8,2026-02-06,2026-02-08,0.2,0.8,0.6000000000000001,-12.4,0.6,13.0,-1.4,0.6,2.0,0.3143280700813694,0.5197056239599485,0.20537755387857903,-0.1143280700813694,0.2802943760400516,0.394622446121421,,1.0,,True
B18LCVBC2GE,Legacy Boys 18 Premier Anthony,LCVBC,18,2,8,2026-02-06,2026-02-08,0.0,0.4,0.4,-9.2,-5.0,4.199999999999999,-1.6,-0.4,1.2000000000000002,0.40365618484997456,0.4312217993378053,0.027565614487830736,-0.40365618484997456,-0.031221799337805313,0.37243438551216923,0.0,0.6666666666666666,0.6666666666666666,True
B16PVJVB1NE,PV Boys 16 1,PVJVB,16,1,18,2026-01-17,2026-03-15,0.0,0.4,0.4,-12.2,-3.2,9.0,-2.0,-0.6,1.4,0.34678586823498003,0.3845261501812514,0.03774028194627138,-0.34678586823498003,0.015473849818748586,0.36225971805372864,0.0,,,True
B18BVJVB1NE,Blast 18 Fire,BVJVB,18,1,23,2025-11-22,2026-03-15,0.4,0.8,0.4,-1.6,12.4,14.0,-0.6,1.4,2.0,0.5153044860224594,0.5818686738737301,0.06656418785127072,-0.11530448602245932,0.2181313261262699,0.3334358121487292,0.3333333333333333,0.6666666666666666,0.3333333333333333,True
B14MVPVA1NE,MVP BOS 14 Black,MVPVA,14,1,26,2025-11-22,2026-02-08,0.0,0.4,0.4,-13.0,-12.2,0.8000000000000007,-1.6,-0.6,1.0,0.33076806537035386,0.39818884696459034,0.06742078159423648,-0.33076806537035386,0.0018111530354097294,0.3325792184057636,0.0,0.6666666666666666,0.6666666666666666,True
B18NEVBC3NE,NEVBC Boys 18 Blue,NEVBC,18,3,10,2025-11-22,2026-03-15,0.0,0.2,0.2,-6.6,-10.4,-3.8000000000000007,-1.4,-1.2,0.19999999999999996,0.4802478425609135,0.3542825574228816,-0.1259652851380319,-0.4802478425609135,-0.1542825574228816,0.3259652851380319,0.0,1.0,1.0,True
B18SAVBC1XL,Sporting Albany Boys 18u,SAVBC,18,1,18,2025-12-20,2026-03-15,0.0,0.4,0.4,-12.2,-3.2,9.0,-1.6,-0.2,1.4000000000000001,0.28160229627326305,0.35937577000076576,0.0777734737275027,-0.28160229627326305,0.04062422999923421,0.32222652627249726,0.0,0.5,0.5,True
B17PVJVB3NE,PV Boys 17 3,PVJVB,17,3,19,2026-01-17,2026-03-15,0.2,0.6,0.39999999999999997,-6.4,-0.2,6.2,-1.2,0.2,1.4,0.3940677734064638,0.4781616357613544,0.08409386235489058,-0.1940677734064638,0.12183836423864558,0.3159061376451094,0.5,0.75,0.25,True
B17DIGSV1GE,Digs Boys 17 Red,DIGSV,17,1,8,2026-02-06,2026-02-08,0.0,0.4,0.4,-14.0,-5.2,8.8,-2.0,-0.4,1.6,0.3333000833427054,0.419349284434184,0.08604920109147862,-0.3333000833427054,-0.019349284434183954,0.31395079890852146,0.0,0.6666666666666666,0.6666666666666666,True
B17SJJVB2NE,SMASH Boys 17 Chaos,SJJVB,17,2,11,2025-12-20,2026-02-01,0.4,0.8,0.4,-1.0,9.6,10.6,0.0,1.4,1.4,0.4523669001408327,0.5503696149675784,0.09800271482674572,-0.052366900140832714,0.24963038503242146,0.3019972851732542,0.6666666666666666,,,True
B14LCVBC1GE,Legacy Boys 14 Premier,LCVBC,14,1,8,2026-02-06,2026-02-08,0.0,0.4,0.4,-18.0,-4.2,13.8,-1.8,-0.2,1.6,0.3441415310250208,0.4433612682028244,0.09921973717780358,-0.3441415310250208,-0.043361268202824356,0.30078026282219644,0.0,0.5,0.5,True
B18CAPIT1XL,CSVC 18 HAYSTACK,CAPIT,18,1,28,2025-12-20,2026-03-15,0.4,0.8,0.4,-1.6,10.0,11.6,-0.4,1.2,1.6,0.49400244601782406,0.6044265650489284,0.11042411903110438,-0.09400244601782408,0.1955734349510716,0.2895758809688957,0.5,1.0,0.5,True
B16LIFRY2GE,LI Fury 16 2,LIFRY,16,2,8,2026-02-06,2026-02-08,0.0,0.4,0.4,-15.6,-7.6,8.0,-2.0,-0.4,1.6,0.2539621953857027,0.3719485139987754,0.11798631861307268,-0.2539621953857027,0.028051486001224646,0.28201368138692734,,1.0,,True
B18LHVBC3NE,LHV Boys 18-3 Thunder,LHVBC,18,3,12,2026-01-17,2026-02-01,0.0,0.4,0.4,-9.4,-6.6,2.8000000000000007,-1.6,-0.6,1.0,0.3361045202819871,0.4629224835588926,0.12681796327690548,-0.3361045202819871,-0.06292248355889254,0.2731820367230946,0.0,0.5,0.5,True
B18SPTMC3GE,Sportime 18 3,SPTMC,18,3,8,2026-02-06,2026-02-08,0.0,0.4,0.4,-15.8,-5.0,10.8,-1.8,-0.4,1.4,0.33191687499719913,0.46101892682833867,0.12910205183113954,-0.33191687499719913,-0.06101892682833863,0.2708979481688605,0.0,0.0,0.0,True
B14SAVBC1XL,Sporting Albany Boys 14u,SAVBC,14,1,17,2025-12-20,2026-03-15,0.6,0.8,0.20000000000000007,6.8,14.2,7.3999999999999995,0.4,1.0,0.6,0.5668638086745812,0.5032270914220878,-0.06363671725249342,0.03313619132541877,0.29677290857791233,0.26363671725249355,0.0,1.0,1.0,True
B17SJJVB3NE,SMASH Boys 17's Shock,SJJVB,17,3,10,2025-12-20,2026-02-01,0.6,0.8,0.20000000000000007,-3.6,2.8,6.4,0.2,0.6,0.39999999999999997,0.43723139844057723,0.3742533599742825,-0.06297803846629474,0.16276860155942283,0.4257466400257176,0.26297803846629475,1.0,1.0,0.0,True
B18RRJVB1NE,Boston United Boys 18 1,RRJVB,18,1,24,2025-11-22,2026-03-15,0.2,0.6,0.39999999999999997,-7.0,1.0,8.0,-0.8,0.2,1.0,0.34505951392740164,0.48917299165130235,0.1441134777239007,-0.14505951392740163,0.1108270083486977,0.2558865222760993,,0.5,,True
B16MCJVB2NE,Mill City 16 Royal,MCJVB,16,2,20,2025-11-22,2026-03-15,0.0,0.2,0.2,-10.2,-11.8,-1.6000000000000014,-1.6,-0.8,0.8,0.3848963771497626,0.3313769467333766,-0.053519430416386016,-0.3848963771497626,-0.13137694673337658,0.253519430416386,0.0,1.0,1.0,True
B14CAPIT1XL,CSVC 14 CASCADE,CAPIT,14,1,24,2025-12-20,2026-03-15,0.0,0.2,0.2,-16.4,-13.0,3.3999999999999986,-2.0,-1.2,0.8,0.4035346787362605,0.3544273161854302,-0.04910736255083026,-0.4035346787362605,-0.15442731618543015,0.24910736255083032,0.0,0.5,0.5,True
B161130588XX,NY Strangers 16,113058,16,8,8,2026-02-06,2026-02-08,0.8,1.0,0.19999999999999996,13.0,14.2,1.1999999999999993,1.2,1.8,0.6000000000000001,0.6720891858728404,0.6267007065076993,-0.04538847936514112,0.12791081412715963,0.3732992934923007,0.24538847936514105,0.5,1.0,0.5,True
B18SLCTD1SC,Selected 18s - Bubba,SLCTD,18,1,7,2026-02-06,2026-02-08,0.2,0.4,0.2,-5.4,-1.2,4.2,-1.0,-0.4,0.6,0.4913555791930027,0.46084008325174264,-0.030515495941260073,-0.2913555791930027,-0.06084008325174255,0.23051549594126014,0.0,0.3333333333333333,0.3333333333333333,True
B15HKJVB1NE,Husky 15.1,HKJVB,15,1,10,2026-01-31,2026-03-15,0.4,0.6,0.19999999999999996,-3.6,4.0,7.6,-0.6,0.2,0.8,0.5256034574413808,0.4991692385475736,-0.026434218893807204,-0.12560345744138082,0.10083076145242638,0.22643421889380722,0.0,1.0,1.0,True
B18SJJVB2NE,SMASH Boys 18's Force,SJJVB,18,2,10,2025-12-20,2026-02-01,0.4,0.6,0.19999999999999996,-4.2,3.6,7.800000000000001,-0.2,0.4,0.6000000000000001,0.45384713431140683,0.4355610196616249,-0.018286114649781915,-0.05384713431140684,0.16443898033837506,0.2182861146497819,0.5,0.75,0.25,True
B17NEVBC1NE,NEVBC Boys 17.1,NEVBC,17,1,10,2025-12-20,2026-02-01,0.4,0.6,0.19999999999999996,0.2,-3.2,-3.4000000000000004,-0.2,0.2,0.4,0.5427416216253332,0.5244918946280918,-0.018249726997241478,-0.1427416216253332,0.07550810537190822,0.2182497269972414,0.25,0.0,-0.25,True
B17BVJVB1NE,Blast 17 Ignite,BVJVB,17,1,22,2025-11-22,2026-03-15,0.2,0.4,0.2,-6.2,-4.4,1.7999999999999998,-1.0,-0.8,0.19999999999999996,0.48955835458450647,0.47235766901182846,-0.01720068557267801,-0.28955835458450646,-0.07235766901182843,0.21720068557267802,0.0,0.3333333333333333,0.3333333333333333,True
B18XTREM2GE,Xtreme 18 National Kelly,XTREM,18,2,9,2026-02-06,2026-02-08,0.6,0.8,0.20000000000000007,4.6,2.2,-2.3999999999999995,0.6,0.8,0.20000000000000007,0.5584373600101744,0.5444927965183918,-0.013944563491782636,0.041562639989825546,0.25550720348160827,0.21394456349178273,0.3333333333333333,1.0,0.6666666666666667,True
B16LCVBC1GE,Legacy Boys 16 National,LCVBC,16,1,8,2026-02-06,2026-02-08,0.0,0.2,0.2,-7.4,-5.8,1.6000000000000005,-1.6,-1.0,0.6000000000000001,0.4145429454892306,0.40115178715666405,-0.013391158332566544,-0.4145429454892306,-0.2011517871566641,0.2133911583325665,0.0,0.3333333333333333,0.3333333333333333,True
B15SPTMC3GE,Sportime 15 3,SPTMC,15,3,7,2026-02-06,2026-02-08,0.2,0.4,0.2,-6.0,-1.6,4.4,-1.0,-0.6,0.4,0.4417308286500129,0.4289506448858991,-0.012780183764113773,-0.24173082865001283,-0.028950644885899057,0.21278018376411378,0.3333333333333333,0.6666666666666666,0.3333333333333333,True
B17CSJVB1NE,MEVBC/CT STARS 17 1,CSJVB,17,1,10,2026-01-31,2026-03-15,0.0,0.2,0.2,-6.0,-12.6,-6.6,-1.4,-1.4,0.0,0.39432728801191974,0.38600419126153296,-0.008323096750386783,-0.39432728801191974,-0.18600419126153298,0.20832309675038677,0.0,0.5,0.5,True
B18SPTMC2GE,Sportime 18 2,SPTMC,18,2,8,2026-02-06,2026-02-08,0.2,0.4,0.2,-11.8,-6.4,5.4,-1.0,-0.6,0.4,0.36767820822109515,0.3755832859321529,0.00790507771105775,-0.16767820822109517,0.024416714067847067,0.19209492228894223,0.0,0.0,0.0,True
B18118281XX,PWVolleyball 18 1,11828,18,1,20,2026-01-17,2026-03-15,0.6,0.8,0.20000000000000007,5.6,4.8,-0.7999999999999998,0.4,1.0,0.6,0.6058990710924951,0.615293915768498,0.009394844676002934,-0.005899071092495078,0.18470608423150206,0.19060515532399713,0.0,0.5,0.5,True
B14HKJVB1NE,Husky 14.1,HKJVB,14,1,9,2026-01-31,2026-03-15,0.2,0.4,0.2,-14.4,-10.2,4.200000000000001,-1.4,-0.8,0.5999999999999999,0.3820665778566822,0.4072147447208486,0.025148166864166432,-0.1820665778566822,-0.007214744720848665,0.17485183313583355,0.5,0.5,0.0,True
B18NESVC2NE,NE Storm 18 Squall,NESVC,18,2,18,2025-11-22,2026-03-15,0.4,0.6,0.19999999999999996,-1.8,2.8,4.6,0.0,0.4,0.4,0.4571506148386593,0.48388489693442727,0.026734282095767947,-0.05715061483865932,0.11611510306557268,0.173265717904232,0.0,0.5,0.5,True
B15ALLIN1FL,AVA 15 Boys,ALLIN,15,1,8,2026-02-06,2026-02-08,0.6,0.8,0.20000000000000007,5.0,18.0,13.0,0.4,1.2,0.7999999999999999,0.6466651378666144,0.684778702745104,0.0381135648784896,-0.046665137866614435,0.11522129725489597,0.1618864351215104,0.0,0.0,0.0,True
B14RRJVB1NE,Boston United Boys 14-1,RRJVB,14,1,24,2025-11-22,2026-03-15,0.4,0.6,0.19999999999999996,-7.4,12.0,19.4,-0.4,0.4,0.8,0.6291116253597441,0.6677909519610438,0.03867932660129969,-0.22911162535974414,-0.06779095196104382,0.16132067339870032,0.0,0.0,0.0,True
B15SPTMC4GE,Sportime 15 4,SPTMC,15,4,8,2026-02-06,2026-02-08,0.4,0.6,0.19999999999999996,-5.2,-10.2,-4.999999999999999,-0.2,0.2,0.4,0.3402625219775491,0.3926754436695031,0.052412921691953995,0.05973747802245093,0.2073245563304969,0.14758707830804596,1.0,1.0,0.0,True
B16CAPIT1XL,CSVC 16 WOLFJAW,CAPIT,16,1,27,2025-12-20,2026-03-15,0.6,0.8,0.20000000000000007,2.2,4.8,2.5999999999999996,0.4,1.0,0.6,0.6076487838130543,0.6617788901988761,0.05413010638582183,-0.007648783813054316,0.13822110980112387,0.14586989361417818,0.3333333333333333,0.0,-0.3333333333333333,True
B17NESVC2NE,NE Storm 17 Landslide,NESVC,17,2,23,2025-11-22,2026-03-15,0.4,0.4,0.0,-4.2,-5.8,-1.5999999999999996,-0.4,-0.6,-0.19999999999999996,0.4757795199270857,0.3363242859923714,-0.13945523393471432,-0.07577951992708576,0.06367571400762861,0.13945523393471437,0.5,1.0,0.5,True
B18CSJVB1NE,MEVBC/CT STARS 18 1,CSJVB,18,1,10,2026-01-31,2026-03-15,0.0,0.2,0.2,-15.2,-9.4,5.799999999999999,-1.6,-1.0,0.6000000000000001,0.28453055874368627,0.34911801055785985,0.06458745181417358,-0.28453055874368627,-0.14911801055785984,0.13541254818582643,,0.0,,True
B18HKJVB3NE,Husky 18.3,HKJVB,18,3,10,2026-01-31,2026-03-15,0.4,0.6,0.19999999999999996,1.8,3.8,1.9999999999999998,0.0,0.2,0.2,0.5283784556620887,0.5977397660280701,0.06936131036598137,-0.12837845566208866,0.0022602339719299037,0.13063868963401856,0.5,,,True
B14ROCVC1GE,Rockland VBC 14 1,ROCVC,14,1,7,2026-02-06,2026-02-08,0.2,0.4,0.2,-19.0,-9.2,9.8,-1.2,-0.4,0.7999999999999999,0.31766286429855184,0.3941475666684507,0.07648470236989885,-0.11766286429855191,0.005852433331549334,0.12351529763010125,0.5,0.6666666666666666,0.16666666666666663,True
B15NYCVA1GE,NYC VBA 15 Nomad,NYCVA,15,1,13,2026-01-31,2026-02-08,0.6,0.6,0.0,7.0,0.0,-7.0,0.4,0.2,-0.2,0.6285104418696336,0.5051919271494719,-0.12331851472016164,-0.028510441869633696,0.09480807285052811,0.12331851472016181,0.0,1.0,1.0,True
B14LHVBC1NE,LHV Boys 14-1 Premier,LHVBC,14,1,26,2025-11-22,2026-02-08,0.4,0.6,0.19999999999999996,-4.4,-5.6,-1.1999999999999993,-0.8,0.2,1.0,0.3602503958621444,0.43740141825996065,0.07715102239781624,0.03974960413785557,0.16259858174003936,0.12284897760218379,1.0,1.0,0.0,True
B16NEVBC3NE,NEVBC Boys 16 Blue,NEVBC,16,3,10,2025-11-22,2026-03-15,0.4,0.4,0.0,-8.6,-7.8,0.7999999999999998,-0.6,-0.4,0.19999999999999996,0.39871885456228906,0.27803793540215815,-0.1206809191601309,0.0012811454377109287,0.12196206459784183,0.12068091916013089,1.0,,,True
B17LCVBC1GE,Legacy Boys 17 National,LCVBC,17,1,8,2026-02-06,2026-02-08,0.4,0.6,0.19999999999999996,-0.6,7.6,8.2,-0.2,0.4,0.6000000000000001,0.5239775564066586,0.6100069749550704,0.08602941854841184,-0.12397755640665867,-0.010006974955070325,0.11397058145158834,0.25,0.0,-0.25,True
B14COQUI1PU,BORINQUEN COQUI 14M Pirito,COQUI,14,1,8,2026-02-06,2026-02-08,1.0,1.0,0.0,33.2,29.4,-3.8000000000000043,2.0,2.0,0.0,0.8567645897049827,0.7445916919727914,-0.1121728977321913,0.14323541029501735,0.2554083080272087,0.11217289773219136,,1.0,,True
B15SPTMC5GE,Sportime 15 Lynbrook,SPTMC,15,5,7,2026-02-06,2026-02-08,0.2,0.4,0.2,-11.2,-4.2,6.999999999999999,-1.2,-0.4,0.7999999999999999,0.35593571435132976,0.4499644199756253,0.09402870562429555,-0.15593571435132977,-0.04996441997562536,0.1059712943757044,0.3333333333333333,0.5,0.16666666666666669,True
B16BVJVB2NE,Blast 16 Pyro,BVJVB,16,2,23,2025-11-22,2026-03-15,0.4,0.4,0.0,-11.0,-6.6,4.4,-0.6,-0.4,0.19999999999999996,0.5764481510900282,0.4738407222233926,-0.10260742886663565,-0.17644815109002807,-0.07384072222339255,0.10260742886663551,,1.0,,True
B15TACCU1GE,Accuracy 15 Champ,TACCU,15,1,13,2025-11-22,2026-02-08,0.6,0.6,0.0,0.4,1.2,0.7999999999999999,0.2,0.2,0.0,0.5719150732422801,0.47316044978953736,-0.09875462345274272,0.028084926757720008,0.1268395502104625,0.0987546234527425,0.0,1.0,1.0,True
B15LHVBC1NE,LHV Boys 15-1 Eclipse,LHVBC,15,1,10,2025-11-22,2026-02-01,0.4,0.4,0.0,-7.8,0.0,7.8,-0.8,0.0,0.8,0.48555284436301316,0.39303880317948864,-0.09251404118352452,-0.08555284436301318,0.006961196820511351,0.09251404118352453,0.0,0.6666666666666666,0.6666666666666666,True
B15SYRVB1XL,SVC 15 1 Boys,SYRVB,15,1,9,2026-01-17,2026-01-19,1.0,1.0,0.0,20.0,16.6,-3.3999999999999986,2.0,2.0,0.0,0.7865883300337633,0.697181631303233,-0.08940669873053031,0.21341166996623673,0.3028183686967672,0.08940669873053048,,1.0,,True
B17SPTMC3GE,Sportime 17 3,SPTMC,17,3,9,2026-02-06,2026-02-08,0.8,0.8,0.0,1.6,6.4,4.800000000000001,0.8,1.0,0.19999999999999996,0.6048263538138995,0.5158119125286234,-0.08901444128527614,0.1951736461861005,0.2841880874713767,0.08901444128527619,0.5,0.75,0.25,True
B16MVPVA1NE,MVP BOS 16 Black,MVPVA,16,1,17,2025-11-22,2026-02-08,0.4,0.4,0.0,3.2,0.8,-2.4000000000000004,0.0,-0.2,-0.2,0.5837600643496038,0.497222610265731,-0.08653745408387281,-0.18376006434960376,-0.09722261026573106,0.0865374540838727,0.0,0.0,0.0,True
B18VENGE1OV,18 - Lusher,VENGE,18,1,9,2026-02-06,2026-02-08,1.0,1.0,0.0,15.8,8.8,-7.0,1.8,1.8,0.0,0.7216082614745999,0.6400684817082797,-0.08153977976632021,0.2783917385254,0.3599315182917203,0.08153977976632032,,,,True
B16SJJVB1NE,SMASH Boys 16-1,SJJVB,16,1,11,2025-12-20,2026-02-01,1.0,1.0,0.0,14.4,14.8,0.40000000000000036,2.0,1.8,-0.19999999999999996,0.6484563528540045,0.5764057970115328,-0.07205055584247166,0.35154364714599556,0.4235942029884672,0.07205055584247166,1.0,1.0,0.0,True
B17HKJVB2NE,Husky 17.2,HKJVB,17,2,10,2026-01-31,2026-03-15,0.6,0.6,0.0,6.2,1.6,-4.6,0.4,0.2,-0.2,0.5882808081381152,0.5167794681301374,-0.07150134000797781,0.011719191861884849,0.0832205318698625,0.07150134000797766,1.0,0.5,-0.5,True
B15CAPIT1XL,CSVC 15 PANTHERS,CAPIT,15,1,24,2025-12-20,2026-03-15,0.4,0.6,0.19999999999999996,-7.8,7.8,15.6,-0.4,0.4,0.8,0.3455705954503801,0.4828941758756353,0.13732358042525522,0.054429404549619885,0.11710582412436461,0.06267641957474474,0.0,,,True
B18MVNER2NE,Meraki VB 18 2,MVNER,18,2,16,2025-11-22,2026-03-15,0.4,0.6,0.19999999999999996,2.0,2.0,0.0,-0.6,0.4,1.0,0.424955207187971,0.5623455753776795,0.1373903681897085,-0.024955207187971052,0.037654424622320534,0.06260963181029158,1.0,0.5,-0.5,True
B14SPTMC3GE,Sportime 14 3,SPTMC,14,3,8,2026-02-06,2026-02-08,0.0,0.2,0.2,-22.0,-11.4,10.6,-1.8,-1.2,0.6000000000000001,0.26656219592330277,0.4070504189004128,0.14048822297711006,-0.26656219592330277,-0.20705041890041284,0.05951177702288993,,0.3333333333333333,,True
B17CORE11GE,CORE Boys 17 Platinum,CORE1,17,1,7,2026-02-06,2026-02-08,0.8,0.8,0.0,11.6,6.2,-5.3999999999999995,1.4,1.0,-0.3999999999999999,0.6835774576317644,0.6241887940832725,-0.059388663548491816,0.11642254236823561,0.17581120591672741,0.0593886635484918,1.0,0.5,-0.5,True
B17LCVBC2GE,Legacy Boys 17 Premier,LCVBC,17,2,7,2026-02-06,2026-02-08,0.6,0.6,0.0,-2.2,-2.0,0.20000000000000018,0.2,0.2,0.0,0.5076316785586199,0.44876498722186486,-0.05886669133675504,0.0923683214413801,0.1512350127781351,0.058866691336754984,0.75,0.6666666666666666,-0.08333333333333337,True
B16LEGIO1XL,TeamLVC Boys 16 Black,LEGIO,16,1,20,2025-12-20,2026-03-15,1.0,1.0,0.0,10.6,9.4,-1.1999999999999993,1.6,1.6,0.0,0.6451697123340538,0.588314301171982,-0.05685541116207182,0.35483028766594615,0.411685698828018,0.05685541116207182,1.0,1.0,0.0,True
B16NYCVA1GE,NYC VBA 16 Hudson,NYCVA,16,1,13,2026-01-31,2026-02-08,0.6,0.6,0.0,3.6,2.0,-1.6,0.4,0.2,-0.2,0.5773371314477822,0.5205608348228525,-0.05677629662492967,0.022662868552217764,0.07943916517714741,0.056776296624929654,0.3333333333333333,0.3333333333333333,0.0,True
B18MVNER1NE,Meraki VB 18 1,MVNER,18,1,10,2025-11-22,2026-02-01,0.6,0.6,0.0,-0.2,-1.0,-0.8,0.4,0.2,-0.2,0.5127444660894557,0.4603869243771367,-0.05235754171231899,0.08725553391054425,0.1396130756228633,0.052357541712319045,0.75,1.0,0.25,True
B15RRJVB1NE,Boston United Boys 15 National,RRJVB,15,1,25,2025-11-22,2026-03-15,1.0,1.0,0.0,15.4,15.6,0.1999999999999993,2.0,2.0,0.0,0.7568832231668744,0.7049928812806767,-0.05189034188619768,0.24311677683312558,0.2950071187193233,0.051890341886197705,,1.0,,True
B18DIGSV1GE,Digs Boys 18 Red,DIGSV,18,1,7,2026-02-06,2026-02-08,0.6,0.6,0.0,2.6,-1.6,-4.2,0.6,0.6,0.0,0.522430932188105,0.47395695018467376,-0.048473982003431226,0.07756906781189507,0.12604304981532616,0.04847398200343109,0.5,0.75,0.25,True
B17LIFRY1GE,LI Fury 17 1,LIFRY,17,1,7,2026-02-06,2026-02-08,0.6,0.6,0.0,5.8,5.8,0.0,0.8,0.8,0.0,0.6489253851266246,0.6032685808128007,-0.04565680431382391,-0.04892538512662457,-0.003268580812800681,0.045656804313823886,0.0,0.3333333333333333,0.3333333333333333,True
B16SPTMC3GE,Sportime 16 3,SPTMC,16,3,8,2026-02-06,2026-02-08,0.6,0.6,0.0,3.0,1.8,-1.2,0.4,0.6,0.19999999999999996,0.5389630768280397,0.4945982907272121,-0.04436478610082756,0.061036923171960314,0.10540170927278787,0.04436478610082756,0.5,0.6666666666666666,0.16666666666666663,True
B15TTVBC1NE,SLAM 15 1 Boys,TTVBC,15,1,17,2025-11-22,2026-03-15,0.2,0.2,0.0,-7.8,-12.0,-4.2,-1.0,-1.2,-0.19999999999999996,0.3911725988308641,0.34941910566623485,-0.04175349316462923,-0.19117259883086407,-0.1494191056662348,0.04175349316462926,0.5,1.0,0.5,True
B17ROYAL1NO,Infinity Royals 17N,ROYAL,17,1,8,2026-02-06,2026-02-08,0.4,0.4,0.0,0.6,-2.2,-2.8000000000000003,-0.4,-0.4,0.0,0.5299567997718035,0.49261193889405597,-0.03734486087774758,-0.1299567997718035,-0.09261193889405599,0.03734486087774751,0.5,0.5,0.0,True
B17ALLIN1FL,AVA 17 Boys,ALLIN,17,1,8,2026-02-06,2026-02-08,0.8,0.8,0.0,11.8,4.8,-7.000000000000001,1.0,1.2,0.19999999999999996,0.6691700160939278,0.6340274074488633,-0.035142608645064466,0.13082998390607226,0.16597259255113675,0.035142608645064494,0.0,0.5,0.5,True
B17NESVC3NE,NE Storm 17 Wildfire,NESVC,17,3,18,2025-11-22,2026-03-15,0.4,0.4,0.0,-2.2,-3.8,-1.5999999999999996,-0.2,-0.4,-0.2,0.5104604271820028,0.4758719201928403,-0.03458850698916249,-0.1104604271820027,-0.07587192019284031,0.034588506989162396,1.0,0.5,-0.5,True
B18SJJVB1NE,SMASH Boys 18-1,SJJVB,18,1,6,2026-01-31,2026-02-01,1.0,1.0,0.0,18.2,16.8,-1.3999999999999986,2.0,1.8,-0.19999999999999996,0.763346168106862,0.7311701585437661,-0.03217600956309585,0.23665383189313802,0.2688298414562339,0.03217600956309588,,,,True
B18MMVBC2NE,Mayhem 18 2,MMVBC,18,2,10,2025-11-22,2026-02-01,0.8,0.8,0.0,6.2,10.4,4.2,0.8,0.8,0.0,0.6331170484795342,0.6026759802754283,-0.03044106820410586,0.16688295152046578,0.19732401972457164,0.03044106820410586,1.0,0.5,-0.5,True
B17TTVBC1NE,SLAM 17 1 Boys,TTVBC,17,1,23,2025-11-22,2026-03-15,0.6,0.6,0.0,5.4,5.4,0.0,0.8,0.4,-0.4,0.5734304373820535,0.5455784937485395,-0.027851943633513954,0.02656956261794661,0.05442150625146046,0.02785194363351385,0.3333333333333333,0.5,0.16666666666666669,True
B17CAPIT2XL,CSVC 17 SKYLIGHT,CAPIT,17,2,25,2025-12-20,2026-03-15,0.2,0.4,0.2,-12.4,6.0,18.4,-1.4,0.0,1.4,0.36453181232769455,0.5368120142731632,0.17228020194546861,-0.16453181232769457,-0.13681201427316317,0.027719798054531397,1.0,0.0,-1.0,True
B18PWRSP1SU,PSA Power 18,PWRSP,18,1,8,2026-02-06,2026-02-08,0.8,0.8,0.0,5.6,8.4,2.8000000000000007,0.8,1.2,0.3999999999999999,0.6068490885907937,0.5794769234951909,-0.027372165095602807,0.19315091140920634,0.2205230765048091,0.027372165095602752,1.0,0.5,-0.5,True
B16TTVBC1NE,SLAM 16 1 Boys,TTVBC,16,1,22,2025-11-22,2026-03-15,0.4,0.4,0.0,-5.4,-4.0,1.4000000000000004,-0.6,-0.4,0.19999999999999996,0.4472283038861181,0.42020576528653997,-0.02702253859957815,-0.047228303886118074,-0.020205765286539945,0.02702253859957813,0.6666666666666666,0.5,-0.16666666666666663,True
B16BVJVB1NE,Blast 16 Inferno,BVJVB,16,1,22,2025-11-22,2026-03-15,0.2,0.2,0.0,-8.6,-5.2,3.3999999999999995,-1.0,-1.0,0.0,0.41425363957675343,0.38898490641777345,-0.025268733158979984,-0.21425363957675342,-0.18898490641777346,0.025268733158979956,0.3333333333333333,0.3333333333333333,0.0,True
B16NEVBC1NE,NEVBC Boys 16.1,NEVBC,16,1,10,2025-12-20,2026-02-01,0.6,0.6,0.0,2.4,-1.0,-3.4,0.2,0.0,-0.2,0.518532044331703,0.49371665825584515,-0.024815386075857815,0.08146795566829701,0.10628334174415484,0.02481538607585783,0.5,0.6666666666666666,0.16666666666666663,True
B18LCVBC5GE,Legacy Boys 18 Premier Billy,LCVBC,18,5,7,2026-02-06,2026-02-08,0.0,0.0,0.0,-17.8,-15.2,2.6000000000000014,-2.0,-2.0,0.0,0.30473614756098055,0.28021887418871805,-0.024517273372262505,-0.30473614756098055,-0.28021887418871805,0.024517273372262505,0.0,,,True
B15RRJVB2NE,Boston United Boys 15 Select 1,RRJVB,15,2,22,2025-11-22,2026-03-15,0.2,0.2,0.0,-5.4,-6.6,-1.1999999999999993,-0.8,-1.0,-0.19999999999999996,0.41610166426464035,0.39835637649177846,-0.017745287772861884,-0.21610166426464036,-0.19835637649177848,0.017745287772861884,,0.0,,True
B17SYRVB1XL,SVC 17 1 Boys,SYRVB,17,1,8,2026-01-17,2026-01-19,1.0,1.0,0.0,19.6,18.4,-1.2000000000000028,2.0,2.0,0.0,0.8028807462960025,0.7865664660499244,-0.01631428024607806,0.19711925370399752,0.21343353395007555,0.016314280246078033,,,,True
B14NEVBC1NE,NEVBC Boys 14.1,NEVBC,14,1,12,2026-01-31,2026-03-15,1.0,1.0,0.0,15.0,15.2,0.1999999999999993,1.8,1.8,0.0,0.6743293943902666,0.6592462494750765,-0.015083144915190139,0.3256706056097333,0.3407537505249235,0.015083144915190194,1.0,1.0,0.0,True
B18NYCVA1GE,NYC VBA 18 Riverside,NYCVA,18,1,12,2026-01-31,2026-02-08,0.2,0.2,0.0,-4.0,-3.8,0.20000000000000018,-0.8,-0.8,0.0,0.47976112526362735,0.4648691266523944,-0.01489199861123297,-0.27976112526362734,-0.2648691266523944,0.014891998611232915,0.25,0.0,-0.25,True
B16RRJVB3NE,Boston United Boys 16 Select 1,RRJVB,16,3,23,2025-11-22,2026-03-15,0.6,0.6,0.0,2.2,1.6,-0.6000000000000001,0.4,0.2,-0.2,0.5889466883756855,0.574232940683158,-0.014713747692527535,0.011053311624314532,0.025767059316842124,0.014713747692527592,0.3333333333333333,,,True
B18315VB1XL,315VB 18 USA,315VB,18,1,6,2026-03-14,2026-03-15,1.0,1.0,0.0,16.6,15.2,-1.4000000000000021,2.0,1.8,-0.19999999999999996,0.7526697373548059,0.7389733541650888,-0.01369638318971711,0.24733026264519423,0.2610266458349112,0.01369638318971697,,,,True
B16CORE11GE,CORE Boys 16 Platinum,CORE1,16,1,8,2026-02-06,2026-02-08,1.0,1.0,0.0,11.6,11.4,-0.1999999999999993,1.6,1.8,0.19999999999999996,0.6698338211572581,0.656652184407782,-0.013181636749476144,0.330166178842742,0.34334781559221816,0.013181636749476144,1.0,1.0,0.0,True
B14RRJVB2NE,Boston United Boys 13 Select 1,RRJVB,14,2,10,2026-01-31,2026-03-15,0.2,0.2,0.0,-10.2,-18.8,-8.600000000000001,-1.2,-1.2,0.0,0.40603124663611834,0.3942475892889344,-0.011783657347183951,-0.20603124663611833,-0.19424758928893437,0.011783657347183951,0.5,0.0,-0.5,True
B17RIVAL1GE,Rival 17’s,RIVAL,17,1,7,2026-02-06,2026-02-08,0.4,0.4,0.0,-4.2,-3.4,0.8000000000000003,-0.6,-0.6,0.0,0.458513254491759,0.4509741489741114,-0.007539105517647582,-0.05851325449175902,-0.050974148974111434,0.007539105517647589,0.5,0.5,0.0,True
B17TTVBC2NE,SLAM 17 2 Boys,TTVBC,17,2,22,2025-11-22,2026-03-15,0.0,0.0,0.0,-10.6,-9.4,1.1999999999999993,-1.6,-1.4,0.20000000000000018,0.40465809904355005,0.3974745471958824,-0.0071835518476676685,-0.40465809904355005,-0.3974745471958824,0.0071835518476676685,0.0,0.0,0.0,True
B16SJVBC1NE,South County Juniors Boys 16's Blue,SJVBC,16,1,17,2025-11-22,2026-03-15,0.2,0.2,0.0,-7.0,-3.6,3.4,-1.2,-1.0,0.19999999999999996,0.43547611894379223,0.42898559085376703,-0.006490528090025205,-0.23547611894379222,-0.22898559085376702,0.006490528090025205,0.5,0.3333333333333333,-0.16666666666666669,True
B17SJJVB1NE,SMASH Boys 17-1,SJJVB,17,1,6,2026-01-31,2026-02-01,1.0,1.0,0.0,20.2,17.2,-3.0,2.0,1.8,-0.19999999999999996,0.7694327968375545,0.7638714348571524,-0.005561361980402135,0.23056720316244542,0.2361285651428476,0.005561361980402191,,,,True
B15NYCIV1GE,NYC Impact 15 National,NYCIV,15,1,8,2026-02-06,2026-02-08,0.4,0.4,0.0,1.4,-3.2,-4.6,-0.2,-0.2,0.0,0.4961585675017363,0.4942909941194039,-0.0018675733823323992,-0.09615856750173639,-0.09429099411940392,0.0018675733823324686,0.0,0.0,0.0,True
B16JHEAT1GE,CJ HEAT 16-1 Boys,JHEAT,16,1,5,2026-01-31,2026-02-01,0.4,0.4,0.0,-2.0,-2.0,0.0,-0.6,-0.6,0.0,0.412160600249812,0.412160600249812,0.0,-0.012160600249812015,-0.012160600249812015,0.0,1.0,1.0,0.0,False
B16TACCU1GE,Accuracy 16 Champ,TACCU,16,1,5,2025-11-22,2025-11-23,0.6,0.6,0.0,-1.0,-1.0,0.0,0.2,0.2,0.0,0.48515080098998453,0.48515080098998453,0.0,0.11484919901001547,0.11484919901001547,0.0,0.6666666666666666,0.6666666666666666,0.0,False
B18GEVBC1NE,Generations vbc 18 1,GEVBC,18,1,5,2026-03-14,2026-03-15,0.0,0.0,0.0,-13.4,-13.4,0.0,-1.6,-1.6,0.0,0.3462928056906578,0.3462928056906578,0.0,-0.3462928056906578,-0.3462928056906578,0.0,0.0,0.0,0.0,False
B18SGHVB1NE,Starlings GH 18 1 Boys,SGHVB,18,1,5,2026-01-31,2026-02-01,0.0,0.0,0.0,-21.6,-21.6,0.0,-1.8,-1.8,0.0,0.20068164499897553,0.20068164499897553,0.0,-0.20068164499897553,-0.20068164499897553,0.0,,,,False
B18TTVBC1NE,SLAM 18 1 Boys,TTVBC,18,1,5,2026-03-14,2026-03-15,0.2,0.2,0.0,-5.4,-5.4,0.0,-1.0,-1.0,0.0,0.4631188666543345,0.4631188666543345,0.0,-0.2631188666543345,-0.2631188666543345,0.0,0.3333333333333333,0.3333333333333333,0.0,False
B18TTVBC2NE,SLAM 18 2 Boys,TTVBC,18,2,5,2025-11-22,2025-11-23,0.2,0.2,0.0,-6.2,-6.2,0.0,-1.0,-1.0,0.0,0.40933374528190314,0.40933374528190314,0.0,-0.20933374528190313,-0.20933374528190313,0.0,0.3333333333333333,0.3333333333333333,0.0,False
B16LCVBC2GE,Legacy Boys 16 Premier,LCVBC,16,2,7,2026-02-06,2026-02-08,0.4,0.4,0.0,0.2,-4.0,-4.2,-0.2,-0.2,0.0,0.47282578609056564,0.4728257860905657,5.551115123125783e-17,-0.07282578609056568,-0.0728257860905657,-1.3877787807814457e-17,0.0,0.0,0.0,True
B18LCVBC1GE,Legacy Boys 18 National,LCVBC,18,1,8,2026-02-06,2026-02-08,0.4,0.4,0.0,-3.0,-1.0,2.0,-0.4,-0.4,0.0,0.4637861616949818,0.4655481729005633,0.0017620112055814485,-0.06378616169498179,-0.06554817290056324,-0.0017620112055814485,0.6666666666666666,0.5,-0.16666666666666663,True
B17SPTMC6GE,Sportime 17 Lynbrook 2,SPTMC,17,6,7,2026-02-06,2026-02-08,0.2,0.2,0.0,-3.6,-5.2,-1.6,-0.8,-1.0,-0.19999999999999996,0.46179092331832744,0.4646577869685711,0.002866863650243634,-0.26179092331832743,-0.264657786968571,-0.0028668636502435785,0.25,0.25,0.0,True
B16SPTMC6GE,Sportime 16 Lynbrook,SPTMC,16,6,8,2026-02-06,2026-02-08,0.4,0.4,0.0,-2.4,0.2,2.6,-0.4,-0.2,0.2,0.487004089672595,0.4908703109351573,0.0038662212625623082,-0.08700408967259501,-0.09087031093515732,-0.0038662212625623082,,0.5,,True
B18LEGIO1XL,TeamLVC Boys 18 Black,LEGIO,18,1,17,2025-12-20,2026-03-15,0.6,0.6,0.0,2.4,6.0,3.6,0.4,0.6,0.19999999999999996,0.43477473295995983,0.439176053839699,0.004401320879739157,0.16522526704004012,0.16082394616030105,-0.0044013208797390735,0.5,1.0,0.5,True
B15SJJVB2NE,SMASH Boys 15 Lightning,SJJVB,15,2,15,2025-12-20,2026-03-15,0.6,0.6,0.0,3.2,-2.0,-5.2,0.4,0.2,-0.2,0.476181724842048,0.48251060981975613,0.006328884977708116,0.123818275157952,0.11748939018024389,-0.006328884977708116,1.0,1.0,0.0,True
B16PVJVB2NE,PV Boys 16 2,PVJVB,16,2,18,2026-01-17,2026-03-15,0.2,0.4,0.2,-12.2,-2.8,9.399999999999999,-1.4,-0.6,0.7999999999999999,0.28791182645808144,0.49665927516313524,0.2087474487050538,-0.08791182645808142,-0.09665927516313522,-0.008747448705053798,,0.0,,True
B18LHVBC1NE,LHV Boys 18-1 Rafiki,LHVBC,18,1,22,2025-11-22,2026-03-15,0.4,0.4,0.0,-3.4,0.0,3.4,-0.4,0.0,0.4,0.5139672364291745,0.5293966736591491,0.015429437229974585,-0.11396723642917447,-0.1293966736591491,-0.015429437229974613,0.3333333333333333,0.0,-0.3333333333333333,True
B17RAPTO1GE,NYC Raptors 17 Black,RAPTO,17,1,7,2026-02-06,2026-02-08,0.0,0.0,0.0,-13.8,-14.2,-0.3999999999999986,-1.8,-2.0,-0.19999999999999996,0.30851344452236135,0.324331954426316,0.01581850990395467,-0.30851344452236135,-0.324331954426316,-0.01581850990395467,,0.0,,True
B17HKJVB3NE,Husky 17.3,HKJVB,17,3,12,2026-01-31,2026-03-15,0.4,0.4,0.0,-2.6,-2.4,0.20000000000000018,-0.2,-0.2,0.0,0.45884038967954854,0.47604169403278374,0.01720130435323519,-0.0588403896795485,-0.07604169403278369,-0.017201304353235185,0.5,0.5,0.0,True
B15SAVBC1XL,Sporting Albany Boys 15u,SAVBC,15,1,15,2025-12-20,2026-03-15,0.2,0.2,0.0,-7.0,-7.4,-0.40000000000000036,-1.2,-1.2,0.0,0.3482549671386277,0.3681421915716093,0.01988722443298163,-0.14825496713862768,-0.16814219157160934,-0.01988722443298166,1.0,,,True
B17SJVBC1NE,South County Juniors Boys 17 1,SJVBC,17,1,17,2025-11-22,2026-03-15,0.6,0.6,0.0,3.4,-0.2,-3.6,0.4,0.0,-0.4,0.5274332005287221,0.5488382007558522,0.0214050002271301,0.0725667994712779,0.05116179924414782,-0.021405000227130086,0.6,1.0,0.4,True
B18MVPVA1NE,MVP BOS 18 Black,MVPVA,18,1,19,2025-11-22,2026-02-08,0.6,0.6,0.0,4.6,5.8,1.2000000000000002,0.4,0.0,-0.4,0.5273644708411835,0.5595193732041119,0.032154902362928395,0.07263552915881634,0.04048062679588802,-0.03215490236292832,0.6666666666666666,0.0,-0.6666666666666666,True
B18MMVBC1NE,Mayhem 18 1,MMVBC,18,1,10,2025-11-22,2026-02-01,0.4,0.4,0.0,-3.6,-1.0,2.6,-0.4,-0.4,0.0,0.43784422415517643,0.47002612138167876,0.03218189722650233,-0.03784422415517641,-0.07002612138167882,-0.032181897226502415,0.5,0.5,0.0,True
B16118971XX,Supreme 16-1,11897,16,1,17,2025-11-22,2026-03-15,0.8,0.8,0.0,12.4,14.4,2.0,0.8,1.2,0.3999999999999999,0.5722882266169642,0.6082791029764447,0.035990876359480506,0.2277117733830357,0.19172089702355538,-0.03599087635948031,0.6666666666666666,,,True
B18BVJVB2NE,Blast 18 Blaze,BVJVB,18,2,22,2025-11-22,2026-03-15,0.2,0.2,0.0,-14.4,-10.2,4.200000000000001,-1.4,-1.4,0.0,0.3758813222723594,0.41470502695603867,0.038823704683679294,-0.17588132227235936,-0.21470502695603866,-0.038823704683679294,0.5,0.5,0.0,True
B18SJVBC1NE,South County Juniors Boys 18's Blue,SJVBC,18,1,18,2025-11-22,2026-03-15,1.0,1.0,0.0,12.6,9.6,-3.0,1.6,1.4,-0.20000000000000018,0.6222046252616199,0.6709629630871057,0.048758337825485776,0.3777953747383801,0.3290370369128942,-0.04875833782548589,,1.0,,True
B17NEVBC2NE,NEVBC Boys 17.2,NEVBC,17,2,10,2026-01-31,2026-03-15,0.6,0.4,-0.19999999999999996,11.0,4.8,-6.2,0.8,0.0,-0.8,0.6925294765094047,0.5425321373221959,-0.1499973391872088,-0.09252947650940464,-0.14253213732219588,-0.05000266081279124,,0.0,,True
B17MVNER2NE,Meraki VB 17 2,MVNER,17,2,15,2025-11-22,2026-03-15,0.2,0.2,0.0,-10.8,-9.4,1.4000000000000004,-1.0,-1.0,0.0,0.3016099990616089,0.36099220671557364,0.059382207653964736,-0.1016099990616089,-0.16099220671557365,-0.05938220765396475,,,,True
B18MVPVA2NE,MVP BOS 18 Blue,MVPVA,18,2,18,2025-11-22,2026-02-08,1.0,0.8,-0.19999999999999996,13.4,4.0,-9.4,1.8,0.8,-1.0,0.6478777285436546,0.5094338570095419,-0.13844387153411264,0.35212227145634556,0.2905661429904581,-0.06155612846588748,1.0,1.0,0.0,True
B14CORE11GE,CORE Boys 14 Platinum,CORE1,14,1,8,2026-02-06,2026-02-08,1.0,0.8,-0.19999999999999996,21.4,13.2,-8.2,2.0,1.2,-0.8,0.7443326456725778,0.618045755698438,-0.12628688997413984,0.2556673543274222,0.1819542443015621,-0.07371311002586012,,1.0,,True
B14LIFRY1GE,LI Fury 14 1,LIFRY,14,1,7,2026-02-06,2026-02-08,0.2,0.2,0.0,-16.4,-10.2,6.199999999999999,-1.2,-1.0,0.19999999999999996,0.35849697500860467,0.43835593374077203,0.07985895873216736,-0.15849697500860468,-0.238355933740772,-0.0798589587321673,0.3333333333333333,0.25,-0.08333333333333331,True
B17MVPVA1NE,MVP BOS 17 Black,MVPVA,17,1,18,2025-11-22,2026-02-08,0.6,0.4,-0.19999999999999996,2.0,-4.2,-6.2,0.2,-0.4,-0.6000000000000001,0.5496369426245453,0.4309961356514015,-0.11864080697314383,0.050363057375454615,-0.03099613565140149,-0.0813591930268561,0.5,0.6666666666666666,0.16666666666666663,True
B17PVJVB1NE,PV Boys 17 1,PVJVB,17,1,17,2025-12-20,2026-02-01,0.6,0.4,-0.19999999999999996,2.0,-1.2,-3.2,0.2,-0.2,-0.4,0.5649679759936659,0.4489693579498186,-0.11599861804384726,0.03503202400633423,-0.04896935794981868,-0.0840013819561529,0.5,1.0,0.5,True
B16SPTMC4GE,Sportime 16 4,SPTMC,16,4,7,2026-02-06,2026-02-08,0.2,0.2,0.0,-10.0,-6.0,4.0,-1.2,-1.0,0.19999999999999996,0.32710382760360746,0.41569768194049345,0.08859385433688599,-0.12710382760360753,-0.2156976819404935,-0.08859385433688596,,0.0,,True
B15DIGSV1GE,Digs Boys 15 Red,DIGSV,15,1,7,2026-02-06,2026-02-08,0.0,0.0,0.0,-16.6,-14.0,2.6000000000000014,-2.0,-1.8,0.19999999999999996,0.24153965783309578,0.33579304919942554,0.09425339136632976,-0.24153965783309578,-0.33579304919942554,-0.09425339136632976,0.0,0.0,0.0,True
B16LHVBC2NE,LHV Boys 16-2 Hunters,LHVBC,16,2,17,2025-11-22,2026-02-01,0.4,0.4,0.0,-3.0,-3.4,-0.3999999999999999,-0.4,-0.4,0.0,0.5103168606821233,0.6067727949837376,0.09645593430161425,-0.11031686068212339,-0.20677279498373755,-0.09645593430161416,0.25,0.0,-0.25,True
B14SJJVB2NE,SMASH Boys 14's Thunder,SJJVB,14,2,16,2025-12-20,2026-03-15,0.4,0.2,-0.2,-8.6,-20.8,-12.200000000000001,-0.4,-1.2,-0.7999999999999999,0.37328255235342767,0.2708538864202165,-0.10242866593321115,0.026717447646572346,-0.07085388642021653,-0.09757133406678888,1.0,,,True
B16SYRVB1XL,SVC 16 1 Boys,SYRVB,16,1,8,2026-01-17,2026-01-19,1.0,0.8,-0.19999999999999996,16.8,9.2,-7.600000000000001,1.8,1.0,-0.8,0.7078227750053874,0.6132917199005972,-0.09453105510479021,0.2921772249946126,0.18670828009940285,-0.10546894489520978,1.0,0.5,-0.5,True
B17117902XX,Torrimar 17 2,11790,17,2,9,2026-02-06,2026-02-08,1.0,0.8,-0.19999999999999996,11.0,1.6,-9.4,2.0,0.8,-1.2,0.6604211246714468,0.5675380537739176,-0.09288307089752912,0.33957887532855324,0.23246194622608235,-0.10711692910247089,,1.0,,True
B15LIFRY1GE,LI Fury 15 1,LIFRY,15,1,7,2026-02-06,2026-02-08,0.8,0.6,-0.20000000000000007,5.4,0.6,-4.800000000000001,0.6,-0.2,-0.8,0.5890088072007359,0.496205257874779,-0.09280354932595691,0.21099119279926418,0.10379474212522097,-0.10719645067404321,0.6666666666666666,0.6666666666666666,0.0,True
B15CORE12GE,CORE Boys 15 Titanium,CORE1,15,2,7,2026-02-06,2026-02-08,0.8,0.6,-0.20000000000000007,6.6,2.2,-4.3999999999999995,1.2,0.6,-0.6,0.5876437479638726,0.49598800829887696,-0.09165573966499568,0.21235625203612737,0.10401199170112294,-0.10834426033500444,1.0,0.6666666666666666,-0.33333333333333337,True
B18NEVBC1NE,NEVBC Boys 18.1,NEVBC,18,1,6,2026-01-31,2026-02-01,1.0,0.8,-0.19999999999999996,14.6,7.6,-7.0,2.0,1.4,-0.6000000000000001,0.6697967046237978,0.5894086431127413,-0.08038806151105649,0.3302032953762023,0.21059135688725866,-0.11961193848894364,1.0,1.0,0.0,True
B18HKJVB2NE,Husky 18.2,HKJVB,18,2,10,2026-01-31,2026-03-15,0.4,0.4,0.0,-8.2,-2.2,5.999999999999999,-0.8,-0.2,0.6000000000000001,0.3728505072514287,0.4979221883032031,0.1250716810517744,0.02714949274857128,-0.09792218830320312,-0.1250716810517744,0.3333333333333333,0.4,0.06666666666666671,True
B18SJJVB3NE,SMASH Boys 18's Surge,SJJVB,18,3,11,2025-12-20,2026-02-01,0.8,0.6,-0.20000000000000007,15.2,1.8,-13.399999999999999,1.2,0.2,-1.0,0.6668371368990506,0.5923378411216054,-0.07449929577744518,0.13316286310094944,0.007662158878394632,-0.1255007042225548,0.0,0.5,0.5,True
B14117901XX,Torrimar 14 1,11790,14,1,7,2026-02-06,2026-02-08,1.0,0.8,-0.19999999999999996,28.6,20.2,-8.400000000000002,2.0,1.2,-0.8,0.7651613802670891,0.6915966357897684,-0.07356474447732075,0.23483861973291095,0.10840336421023163,-0.1264352555226793,,0.0,,True
B16DIGSV1GE,Digs Boys 16 Red,DIGSV,16,1,7,2026-02-06,2026-02-08,1.0,0.8,-0.19999999999999996,13.4,10.6,-2.8000000000000007,2.0,1.0,-1.0,0.6875342525100753,0.6149088708384053,-0.07262538167166999,0.31246574748992473,0.18509112916159473,-0.12737461832833,,0.0,,True
B18RRJVB2NE,Boston United Boys 18 Select 1,RRJVB,18,2,22,2025-11-22,2026-03-15,0.2,0.0,-0.2,-7.0,-19.6,-12.600000000000001,-1.2,-2.0,-0.8,0.42334929928313725,0.3509870138096742,-0.07236228547346307,-0.22334929928313726,-0.3509870138096742,-0.1276377145265369,0.5,,,True
B18NESVC1NE,NE Storm 18 Thunder,NESVC,18,1,23,2025-11-22,2026-03-15,0.6,0.4,-0.19999999999999996,3.2,-0.6,-3.8000000000000003,0.6,-0.4,-1.0,0.5601510416008579,0.49199858564958765,-0.06815245595127029,0.03984895839914219,-0.09199858564958767,-0.13184754404872986,0.3333333333333333,0.4,0.06666666666666671,True
B18NEVBC2NE,NEVBC Boys 18.2,NEVBC,18,2,11,2026-01-31,2026-03-15,0.6,0.4,-0.19999999999999996,4.0,3.0,-1.0,0.4,-0.2,-0.6000000000000001,0.556135573307756,0.4881818384595908,-0.06795373484816519,0.04386442669224401,-0.08818183845959085,-0.13204626515183487,0.3333333333333333,0.0,-0.3333333333333333,True
B14SJJVB1NE,SMASH Boys 14-1,SJJVB,14,1,16,2025-12-20,2026-03-15,1.0,0.8,-0.19999999999999996,24.2,23.6,-0.5999999999999979,2.0,1.8,-0.19999999999999996,0.8092995951759031,0.743662972267505,-0.06563662290839811,0.19070040482409695,0.05633702773249509,-0.13436337709160184,,0.0,,True
B18PVJVB3NE,PV Boys 18 3,PVJVB,18,3,17,2025-12-20,2026-02-01,0.4,0.4,0.0,-7.2,1.0,8.2,-0.6,0.0,0.6,0.49801384214759403,0.634206857481166,0.13619301533357198,-0.09801384214759401,-0.234206857481166,-0.13619301533357198,0.5,0.3333333333333333,-0.16666666666666669,True
B16MCJVB1NE,Mill City 16's,MCJVB,16,1,20,2025-11-22,2026-03-15,1.0,0.8,-0.19999999999999996,15.4,3.6,-11.8,2.0,1.2,-0.8,0.6559278736295271,0.5963686663761381,-0.059559207253389035,0.3440721263704729,0.203631333623862,-0.14044079274661092,,0.5,,True
B16RRJVB1NE,Boston United Boys 16 National 1,RRJVB,16,1,22,2025-11-22,2026-03-15,0.6,0.4,-0.19999999999999996,2.8,-3.8,-6.6,0.2,-0.2,-0.4,0.47451905957452745,0.4165997278453366,-0.05791933172919084,0.1254809404254725,-0.016599727845336597,-0.1420806682708091,0.5,1.0,0.5,True
B18LHVBC2NE,LHV Boys 18-2 Blitz,LHVBC,18,2,17,2025-11-22,2026-02-01,0.6,0.4,-0.19999999999999996,4.4,0.8,-3.6000000000000005,0.6,-0.2,-0.8,0.5031220022355842,0.44596007362084994,-0.05716192861473429,0.0968779977644158,-0.04596007362084994,-0.14283807138526575,0.6666666666666666,0.0,-0.6666666666666666,True
B15MCJVB1NE,Mill City 15's,MCJVB,15,1,20,2025-11-22,2026-03-15,0.8,0.6,-0.20000000000000007,15.8,5.6,-10.200000000000001,1.2,0.6,-0.6,0.656100943845717,0.6010268509112449,-0.055074092934472185,0.1438990561542829,-0.001026850911244992,-0.14492590706552788,1.0,0.0,-1.0,True
B15CORE11GE,CORE Boys 15 Platinum,CORE1,15,1,8,2026-02-06,2026-02-08,0.8,0.6,-0.20000000000000007,9.6,7.4,-2.1999999999999993,0.8,0.6,-0.20000000000000007,0.6736192461994983,0.6221447340087092,-0.051474512190789135,0.12638075380050168,-0.022144734008709154,-0.14852548780921082,0.0,0.3333333333333333,0.3333333333333333,True
B17NYCIV1GE,NYC Impact 17U National,NYCIV,17,1,7,2026-02-06,2026-02-08,1.0,0.8,-0.19999999999999996,12.2,7.0,-5.199999999999999,1.8,0.8,-1.0,0.6794616968992533,0.6289985902032895,-0.050463106695963766,0.3205383031007467,0.17100140979671047,-0.14953689330403624,1.0,0.5,-0.5,True
B16LIFRY1GE,LI Fury 16 1,LIFRY,16,1,7,2026-02-06,2026-02-08,0.8,0.6,-0.20000000000000007,5.4,3.4,-2.0000000000000004,0.8,0.2,-0.6000000000000001,0.5668868170547496,0.521734857459608,-0.04515195959514162,0.2331131829452504,0.07826514254039194,-0.15484804040485847,0.6666666666666666,0.5,-0.16666666666666663,True
B14117752XX,ValleyVBC Elite Boys,11775,14,2,22,2025-11-22,2026-03-15,0.8,0.6,-0.20000000000000007,8.4,-1.4,-9.8,1.2,0.2,-1.0,0.5929969248596353,0.5527998746633559,-0.040197050196279394,0.20700307514036473,0.04720012533664406,-0.15980294980372067,0.5,1.0,0.5,True
B16NYCIV2GE,NYC Impact 16U Travel,NYCIV,16,2,8,2026-02-06,2026-02-08,1.0,0.8,-0.19999999999999996,16.4,12.0,-4.399999999999999,2.0,1.2,-0.8,0.699141084638168,0.660385214220068,-0.038755870418100025,0.30085891536183196,0.13961478577993197,-0.1612441295819,1.0,0.5,-0.5,True
B18ROYAL1NO,Infinity Royals 18N,ROYAL,18,1,8,2026-02-06,2026-02-08,0.6,0.4,-0.19999999999999996,9.6,4.4,-5.199999999999999,0.8,0.2,-0.6000000000000001,0.6135774944036405,0.5750464655471468,-0.03853102885649373,-0.013577494403640488,-0.17504646554714687,-0.1614689711435064,0.3333333333333333,0.3333333333333333,0.0,True
B16MVPVA2NE,MVP BOS 16 Blue,MVPVA,16,2,17,2025-11-22,2026-02-08,0.2,0.0,-0.2,-3.6,-13.0,-9.4,-0.8,-1.8,-1.0,0.3399856487026476,0.302124453357255,-0.03786119534539256,-0.13998564870264757,-0.302124453357255,-0.16213880465460745,,,,True
B18RAPTO1GE,NYC Raptors 18 Black,RAPTO,18,1,7,2026-02-06,2026-02-08,0.4,0.2,-0.2,-1.2,-7.4,-6.2,-0.2,-1.0,-0.8,0.4479627149724229,0.4155803740070172,-0.03238234096540571,-0.04796271497242295,-0.21558037400701718,-0.16761765903459425,0.6666666666666666,0.5,-0.16666666666666663,True
B17MMVBC1NE,Mayhem 17 1,MMVBC,17,1,10,2025-11-22,2026-02-01,0.8,0.6,-0.20000000000000007,6.6,4.0,-2.5999999999999996,1.0,0.6,-0.4,0.5884308812775588,0.5745789719716321,-0.013851909305926724,0.2115691187224412,0.025421028028367966,-0.18614809069407323,,0.3333333333333333,,True
B14SPTMC2GE,Sportime 14 2,SPTMC,14,2,7,2026-02-06,2026-02-08,0.6,0.4,-0.19999999999999996,-5.2,-6.6,-1.3999999999999995,0.0,-0.6,-0.6,0.43804103654810317,0.42458720525560245,-0.013453831292500718,0.16195896345189686,-0.02458720525560245,-0.18654616870749932,1.0,0.5,-0.5,True
B16MVNER1NE,Meraki VB 16 1,MVNER,16,1,7,2026-01-17,2026-01-19,0.4,0.2,-0.2,-9.4,-13.0,-3.5999999999999996,-0.4,-1.2,-0.7999999999999999,0.35512399816190393,0.3417126660124755,-0.013411332149428412,0.044876001838096057,-0.1417126660124755,-0.18658866785057157,1.0,0.5,-0.5,True
B15LCVBC1GE,Legacy Boys 15 Premier,LCVBC,15,1,8,2026-02-06,2026-02-08,0.4,0.2,-0.2,-5.8,-8.0,-2.2,-0.2,-1.2,-1.0,0.4034216272244072,0.3903514020997756,-0.01307022512463163,-0.00342162722440722,-0.19035140209977558,-0.18692977487536835,1.0,,,True
B16NESVC2NE,NE Storm 16 Monsoon,NESVC,16,2,18,2025-11-22,2026-03-15,0.6,0.4,-0.19999999999999996,5.0,-2.0,-7.0,0.4,-0.4,-0.8,0.6034796261306179,0.5935693602421214,-0.009910265888496528,-0.0034796261306177857,-0.1935693602421214,-0.19008973411150362,0.5,0.0,-0.5,True
B18PVJVB1NE,PV Boys 18 1,PVJVB,18,1,10,2025-12-20,2026-02-01,0.6,0.4,-0.19999999999999996,6.2,-1.2,-7.4,0.4,-0.2,-0.6000000000000001,0.6432263035036343,0.6366745174950067,-0.0065517860086276025,-0.04322630350363428,-0.23667451749500662,-0.19344821399137235,0.0,0.5,0.5,True
B17SPTMC5GE,Sportime 17 Lynbrook,SPTMC,17,5,7,2026-02-06,2026-02-08,0.4,0.2,-0.2,-5.2,-7.6,-2.3999999999999995,-0.6,-1.2,-0.6,0.41485838089961835,0.41485838089961835,0.0,-0.014858380899618339,-0.21485838089961834,-0.2,1.0,0.0,-1.0,True
B18DSTJN1GE,Downstate (N-B) 18 Cobras,DSTJN,18,1,7,2026-02-06,2026-02-08,0.6,0.4,-0.19999999999999996,-0.8,-3.4,-2.5999999999999996,0.2,-0.4,-0.6000000000000001,0.4455413855150335,0.4478287220924506,0.002287336577417143,0.15445861448496656,-0.04782872209245059,-0.20228733657741715,0.6666666666666666,0.6666666666666666,0.0,True
B17XTREM1GE,Xtreme 17 National Braulio,XTREM,17,1,8,2026-02-06,2026-02-08,0.4,0.2,-0.2,0.2,-3.4,-3.6,-0.6,-0.8,-0.20000000000000007,0.47294863849158275,0.47719402251723253,0.004245384025649779,-0.07294863849158274,-0.2771940225172325,-0.2042453840256498,0.5,0.25,-0.25,True
B18NESVC3NE,NE Storm 18 Tornado,NESVC,18,3,18,2025-11-22,2026-03-15,0.6,0.4,-0.19999999999999996,-6.4,0.6,7.0,0.2,-0.2,-0.4,0.4371159541251585,0.44333387341627717,0.006217919291118645,0.16288404587484145,-0.04333387341627713,-0.2062179192911186,0.75,0.5,-0.25,True
B15NEVBC3NE,NEVBC Boys 15 Blue,NEVBC,15,3,10,2025-11-22,2026-03-15,0.2,0.0,-0.2,-11.6,-18.4,-6.799999999999999,-1.2,-1.6,-0.40000000000000013,0.27562845425732907,0.28367068628432734,0.008042232026998275,-0.07562845425732907,-0.28367068628432734,-0.20804223202699829,1.0,0.0,-1.0,True
B18CORE11GE,CORE Boys 18 Platinum,CORE1,18,1,7,2026-02-06,2026-02-08,0.6,0.4,-0.19999999999999996,7.0,4.0,-3.0,0.8,0.2,-0.6000000000000001,0.5721041169892949,0.5806444294194818,0.008540312430186936,0.027895883010705134,-0.18064442941948183,-0.20854031243018697,0.3333333333333333,0.3333333333333333,0.0,True
B14CAPIT2XL,CSVC 14 SAWTEETH,CAPIT,14,2,19,2025-12-20,2026-03-15,0.2,0.0,-0.2,-15.8,-9.6,6.200000000000001,-1.2,-1.4,-0.19999999999999996,0.28077330364038633,0.2930144170675463,0.012241113427159944,-0.08077330364038635,-0.2930144170675463,-0.21224111342715993,,,,True
B16HKJVB1NE,Husky 16.1,HKJVB,16,1,12,2026-01-31,2026-03-15,0.8,0.6,-0.20000000000000007,3.6,1.2,-2.4000000000000004,0.8,0.0,-0.8,0.525796819068921,0.5594503548283032,0.033653535759382236,0.2742031809310791,0.04054964517169686,-0.23365353575938225,0.8,0.3333333333333333,-0.46666666666666673,True
B18SJVBC2NE,South County Juniors Boys 18's Gold,SJVBC,18,2,18,2025-11-22,2026-03-15,1.0,0.6,-0.4,13.2,1.2,-12.0,1.6,0.2,-1.4000000000000001,0.6476981935902671,0.4845747924844138,-0.16312340110585333,0.35230180640973285,0.11542520751558613,-0.23687659889414672,,0.75,,True
B16LHVBC1NE,LHV Boys 16-1 Valiants,LHVBC,16,1,19,2025-11-22,2026-02-08,1.0,0.6,-0.4,16.2,0.0,-16.2,2.0,0.4,-1.6,0.6760811605166877,0.5165020138070837,-0.15957914670960394,0.3239188394833123,0.08349798619291623,-0.24042085329039606,1.0,0.5,-0.5,True
B17HKJVB4NE,Husky 17.4,HKJVB,17,4,10,2026-01-31,2026-03-15,0.6,0.4,-0.19999999999999996,0.2,-2.6,-2.8000000000000003,0.0,-0.4,-0.4,0.45743551948097927,0.505145101732751,0.04770958225177169,0.14256448051902076,-0.10514510173275093,-0.2477095822517717,0.6666666666666666,0.3333333333333333,-0.3333333333333333,True
B17RRJVB3NE,Boston United Boys 17 Select 1,RRJVB,17,3,23,2025-11-22,2026-03-15,0.4,0.2,-0.2,-4.2,-8.6,-4.3999999999999995,-0.6,-1.0,-0.4,0.41919443542068907,0.4746331900471567,0.055438754626467635,-0.01919443542068907,-0.2746331900471567,-0.25543875462646765,0.0,0.0,0.0,True
B17CAPIT1XL,CSVC 17 BIG SLIDE,CAPIT,17,1,29,2025-12-20,2026-03-15,1.0,0.8,-0.19999999999999996,8.4,7.2,-1.2000000000000002,1.4,1.4,0.0,0.5790520382925667,0.6358250884730452,0.05677305018047851,0.4209479617074333,0.1641749115269549,-0.2567730501804784,1.0,0.0,-1.0,True
B16SJJVB2NE,SMASH Boys 16's Fire,SJJVB,16,2,16,2025-12-20,2026-03-15,0.8,0.6,-0.20000000000000007,8.2,8.0,-0.1999999999999993,1.0,0.6,-0.4,0.5293303882071269,0.5931643284531442,0.0638339402460173,0.2706696117928732,0.006835671546855859,-0.2638339402460173,0.75,0.0,-0.75,True
B16HKJVB2NE,Husky 16.2,HKJVB,16,2,10,2026-01-31,2026-03-15,0.6,0.4,-0.19999999999999996,0.6,0.6,0.0,0.2,0.0,-0.2,0.4282879202964339,0.49225417963385787,0.06396625933742395,0.17171207970356606,-0.09225417963385792,-0.26396625933742396,1.0,1.0,0.0,True
B17SPTMC4GE,Sportime 17 4,SPTMC,17,4,7,2026-02-06,2026-02-08,0.2,0.0,-0.2,-11.6,-14.0,-2.4000000000000004,-1.2,-1.6,-0.40000000000000013,0.2797700928829253,0.3508949792326052,0.0711248863496799,-0.07977009288292536,-0.3508949792326052,-0.27112488634967985,,0.0,,True
B16CORE12GE,CORE Boys 16 Titanium,CORE1,16,2,7,2026-02-06,2026-02-08,0.8,0.4,-0.4,15.2,2.4,-12.799999999999999,1.2,-0.4,-1.6,0.6464738007514167,0.5192108538724524,-0.12726294687896433,0.1535261992485833,-0.11921085387245238,-0.2727370531210357,1.0,0.6666666666666666,-0.33333333333333337,True
B15SJJVB1NE,SMASH Boys 15-1,SJJVB,15,1,18,2025-12-20,2026-03-15,1.0,0.8,-0.19999999999999996,9.6,13.2,3.5999999999999996,1.6,1.2,-0.40000000000000013,0.5977445912090471,0.7067724535526139,0.10902786234356676,0.4022554087909528,0.09322754644738622,-0.30902786234356655,1.0,0.5,-0.5,True
B18PINVA1GE,PVA Boys 18 National,PINVA,18,1,7,2026-02-06,2026-02-08,0.8,0.4,-0.4,6.0,-1.4,-7.4,1.0,-0.6,-1.6,0.5839203161556482,0.5005140222063372,-0.08340629394931098,0.2160796838443518,-0.10051402220633718,-0.316593706050689,0.5,0.0,-0.5,True
B15SJVBC1NE,South County Juniors Boys 15 1,SJVBC,15,1,15,2025-11-22,2026-03-15,0.6,0.2,-0.39999999999999997,1.0,-11.8,-12.8,0.4,-1.4,-1.7999999999999998,0.44664519802928176,0.3687104884015939,-0.07793470962768784,0.1533548019707182,-0.16871048840159394,-0.32206529037231213,0.5,,,True
B16NESVC1NE,NE Storm 16 Lightning,NESVC,16,1,22,2025-11-22,2026-03-15,0.6,0.2,-0.39999999999999997,0.6,-4.2,-4.8,0.4,-1.0,-1.4,0.5036841390496934,0.4413067916808526,-0.062377347368840874,0.09631586095030661,-0.24130679168085253,-0.33762265263115915,0.6666666666666666,0.5,-0.16666666666666663,True
B13SJJVB1NE,SMASH Boys 13-1,SJJVB,13,1,16,2025-12-20,2026-03-15,0.8,0.4,-0.4,9.8,-3.2,-13.0,1.2,-0.4,-1.6,0.5662460614194412,0.5060642040347993,-0.06018185738464188,0.2337539385805588,-0.10606420403479935,-0.33981814261535814,1.0,0.0,-1.0,True
B18NYCIV2GE,NYC Impact 18 Travel,NYCIV,18,2,7,2026-02-06,2026-02-08,0.8,0.4,-0.4,6.4,-2.8,-9.2,0.8,-0.2,-1.0,0.5415535120853607,0.5296088119103779,-0.011944700174982836,0.25844648791463926,-0.12960881191037785,-0.3880552998250171,0.75,0.25,-0.5,True
B17LHVBC2NE,LHV Boys 17-2 Boom,LHVBC,17,2,17,2025-11-22,2026-02-01,0.4,0.0,-0.4,-4.2,-15.6,-11.399999999999999,-0.6,-1.6,-1.0,0.3713169376021871,0.3734419575066942,0.002125019904507086,0.028683062397812886,-0.3734419575066942,-0.40212501990450705,1.0,0.0,-1.0,True
B17MVNER1NE,Meraki VB 17 1,MVNER,17,1,17,2025-11-22,2026-03-15,0.6,0.2,-0.39999999999999997,-2.2,-7.4,-5.2,0.0,-1.0,-1.0,0.4486262513776668,0.45795405315877646,0.009327801781109646,0.15137374862233316,-0.25795405315877645,-0.4093278017811096,0.75,0.3333333333333333,-0.4166666666666667,True
B14TACCU1GE,Accuracy 14 Champ,TACCU,14,1,13,2025-11-22,2026-02-08,1.0,0.6,-0.4,21.0,6.6,-14.4,2.0,0.4,-1.6,0.5869040709820611,0.6258035563535389,0.038899485371477804,0.4130959290179389,-0.025803556353539026,-0.43889948537147794,1.0,0.0,-1.0,True
B17LHVBC1NE,LHV Boys 17-1 Ubuntu,LHVBC,17,1,11,2025-11-22,2026-02-01,1.0,0.2,-0.8,18.6,-12.2,-30.8,1.8,-1.0,-2.8,0.7203269273170899,0.3687940665378786,-0.3515328607792113,0.2796730726829102,-0.1687940665378786,-0.4484671392207888,,0.5,,True
B17CAMYV1NE,CYVB 17 1,CAMYV,17,1,13,2025-11-22,2026-01-19,0.8,0.2,-0.6000000000000001,5.6,-10.0,-15.6,1.4,-1.4,-2.8,0.5545506636502391,0.40433601470201214,-0.15021464894822695,0.2454493363497609,-0.20433601470201213,-0.44978535105177303,1.0,0.0,-1.0,True
B18MCJVB1NE,Mill City 18's,MCJVB,18,1,20,2025-11-22,2026-03-15,0.4,0.0,-0.4,-1.4,-8.0,-6.6,-0.2,-1.8,-1.6,0.5255109772735289,0.5846977204275168,0.059186743153987864,-0.12551097727352892,-0.5846977204275168,-0.4591867431539879,0.3333333333333333,0.0,-0.3333333333333333,True
B16NEVBC2NE,NEVBC Boys 16.2,NEVBC,16,2,11,2026-01-31,2026-03-15,1.0,0.4,-0.6,18.6,-6.2,-24.8,1.8,-0.6,-2.4,0.6264149249640404,0.4944539748563942,-0.1319609501076462,0.3735850750359596,-0.0944539748563942,-0.4680390498923538,1.0,0.5,-0.5,True
B18VTVBC1NE,VTV 18 1,VTVBC,18,1,13,2026-01-17,2026-03-15,1.0,0.4,-0.6,12.2,-0.6,-12.799999999999999,1.6,-0.2,-1.8,0.566584533615754,0.44540390467229996,-0.12118062894345405,0.4334154663842459,-0.04540390467229993,-0.4788193710565458,1.0,0.0,-1.0,True
B17NYCVA1GE,NYC VBA 17 Downtown,NYCVA,17,1,14,2026-01-31,2026-02-08,0.8,0.0,-0.8,10.8,-13.4,-24.200000000000003,1.2,-1.8,-3.0,0.6031293689089271,0.3684302056069303,-0.2346991633019968,0.1968706310910729,-0.3684302056069303,-0.5653008366980032,0.0,0.0,0.0,True
B17NESVC1NE,NE Storm 17 Tsunami,NESVC,17,1,26,2025-11-22,2026-03-15,1.0,0.4,-0.6,5.0,-1.4,-6.4,1.4,0.0,-1.4,0.5238988701502425,0.49366935600523626,-0.030229514145006242,0.4761011298497575,-0.09366935600523627,-0.5697704858549938,1.0,0.5,-0.5,True
B16NEVBC4NE,NEVBC Boys 16 Orange,NEVBC,16,4,10,2025-11-22,2026-03-15,0.6,0.0,-0.6,0.6,-13.8,-14.4,0.4,-2.0,-2.4,0.34883840617319406,0.3388950867269183,-0.009943319446275745,0.25116159382680586,-0.3388950867269183,-0.5900566805537242,1.0,0.0,-1.0,True
