team_code,team_name,club,age,team_rank,matches_played,first_match_date,last_match_date,early_win_rate,late_win_rate,delta_win_rate,early_point_margin,late_point_margin,delta_point_margin,early_set_margin,late_set_margin,delta_set_margin,early_expected_win_rate,late_expected_win_rate,delta_expected_win_rate,early_performance_above_expected,late_performance_above_expected,delta_performance_above_expected,early_close_match_win_rate,late_close_match_win_rate,delta_close_match_win_rate,is_reliable_sample
B15NEVBC1NE,NEVBC Boys 15.1,NEVBC,15,1,11,2025-12-20,2026-02-01,0.2,1.0,0.8,-3.0,10.4,13.4,-0.6,1.4,2.0,0.4960996832155356,0.5909270729465165,0.09482738973098087,-0.29609968321553565,0.4090729270534835,0.7051726102690192,0.2,1.0,0.8,True
B16SAVBC1XL,Sporting Albany Boys 16u,SAVBC,16,1,17,2025-12-20,2026-03-15,0.2,1.0,0.8,-1.0,21.0,22.0,-0.4,2.0,2.4,0.5484986400256924,0.661234425450328,0.11273578542463558,-0.34849864002569236,0.338765574549672,0.6872642145753644,0.0,1.0,1.0,True
B17MVPVA2NE,MVP BOS 17 Blue,MVPVA,17,2,19,2025-11-22,2026-02-08,0.2,0.8,0.6000000000000001,-0.8,4.4,5.2,-0.8,0.8,1.6,0.5774887553242022,0.5082165717822508,-0.06927218354195142,-0.37748875532420223,0.2917834282177491,0.6692721835419513,0.0,0.8,0.8,True
B18PVJVB2NE,PV Boys 18 2,PVJVB,18,2,19,2025-12-20,2026-02-01,0.0,0.8,0.8,-10.2,9.2,19.4,-1.6,1.2,2.8,0.38382009487227364,0.5781871473719529,0.19436705249967923,-0.38382009487227364,0.22181285262804723,0.6056329475003208,0.0,0.6666666666666666,0.6666666666666666,True
B18PVJVB4NE,PV Boys 18 4,PVJVB,18,4,19,2026-01-17,2026-03-15,0.0,0.6,0.6,-11.8,4.0,15.8,-1.6,0.4,2.0,0.5810277507795079,0.5930920250596727,0.012064274280164877,-0.5810277507795079,0.006907974940327221,0.5879357257198351,0.0,0.3333333333333333,0.3333333333333333,True
B17PVJVB2NE,PV Boys 17 2,PVJVB,17,2,19,2026-01-17,2026-03-15,0.2,0.8,0.6000000000000001,-5.6,5.2,10.8,-1.0,0.8,1.8,0.4952015848039739,0.5689348250607648,0.07373324025679084,-0.2952015848039739,0.23106517493923523,0.5262667597432091,0.0,0.6666666666666666,0.6666666666666666,True
B18UNVBC1NE,Unity 18 Boys National Vikings,UNVBC,18,1,12,2026-02-06,2026-03-15,0.0,0.6,0.6,-12.0,-3.2,8.8,-2.0,0.0,2.0,0.33576924630106253,0.42599188490382855,0.09022263860276603,-0.33576924630106253,0.17400811509617145,0.509777361397234,0.0,0.6666666666666666,0.6666666666666666,True
B17RRJVB2NE,Boston United Boys 17 Northeast,RRJVB,17,2,24,2025-11-22,2026-03-15,0.4,1.0,0.6,-4.4,13.4,17.8,-0.6,1.8,2.4,0.4808414532373365,0.5994491062163966,0.11860765297906006,-0.08084145323733646,0.4005508937836034,0.4813923470209399,0.3333333333333333,1.0,0.6666666666666667,True
B18NYCIV1GE,NYC Impact 18 National,NYCIV,18,1,8,2026-02-06,2026-02-08,0.6,1.0,0.4,3.6,7.2,3.6,0.4,1.2,0.7999999999999999,0.5964653547506321,0.543689508760324,-0.05277584599030816,0.0035346452493678405,0.456310491239676,0.4527758459903081,0.6666666666666666,1.0,0.33333333333333337,True
B17RRJVB1NE,Boston United Boys 17 National 1,RRJVB,17,1,23,2025-11-22,2026-03-15,0.4,0.8,0.4,3.2,7.6,4.3999999999999995,-0.2,1.4,1.5999999999999999,0.48275784430871294,0.4418817445349351,-0.04087609977377782,-0.08275784430871293,0.358118255465065,0.4408760997737779,0.5,1.0,0.5,True
B15LEGIO1XL,TeamLVC Boys 15 Black,LEGIO,15,1,18,2025-12-20,2026-03-15,0.4,0.8,0.4,-2.6,5.0,7.6,-0.4,1.0,1.4,0.6725100821950806,0.634197295714759,-0.03831278648032155,-0.27251008219508066,0.16580270428524102,0.4383127864803217,0.0,0.5,0.5,True
B17HKJVB1NE,Husky 17.1,HKJVB,17,1,11,2026-01-31,2026-03-15,0.6,1.0,0.4,8.8,13.2,4.399999999999999,0.4,1.4,0.9999999999999999,0.6849776176391722,0.6735230574830535,-0.011454560156118676,-0.08497761763917219,0.32647694251694653,0.4114545601561187,,1.0,,True
B18HKJVB1NE,Husky 18.1,HKJVB,18,1,10,2026-01-31,2026-03-15,0.4,0.8,0.4,-1.0,5.6,6.6,-0.6,1.0,1.6,0.5608432903570147,0.5552527888525431,-0.005590501504471601,-0.1608432903570147,0.2447472111474569,0.4055905015044716,0.0,0.6666666666666666,0.6666666666666666,True
B18TUSVA1GE,Train Up VB 18 1,TUSVA,18,1,9,2026-02-06,2026-02-08,0.4,0.8,0.4,-2.2,3.8,6.0,-0.6,0.8,1.4,0.5129316408444353,0.5158386359251501,0.0029069950807147915,-0.11293164084443537,0.2841613640748499,0.39709300491928523,0.25,0.75,0.5,True
B16ALLIN1FL,AVA 16 Boys,ALLIN,16,1,8,2026-02-06,2026-02-08,0.2,0.8,0.6000000000000001,-12.4,0.6,13.0,-1.4,0.6,2.0,0.31432807008136904,0.519705623959948,0.20537755387857898,-0.1143280700813691,0.2802943760400519,0.394622446121421,,1.0,,True
B18LCVBC2GE,Legacy Boys 18 Premier Anthony,LCVBC,18,2,8,2026-02-06,2026-02-08,0.0,0.4,0.4,-9.2,-5.0,4.199999999999999,-1.6,-0.4,1.2000000000000002,0.40365618484997523,0.431221799337806,0.027565614487830792,-0.40365618484997523,-0.03122179933780602,0.37243438551216923,0.0,0.6666666666666666,0.6666666666666666,True
B16PVJVB1NE,PV Boys 16 1,PVJVB,16,1,18,2026-01-17,2026-03-15,0.0,0.4,0.4,-12.2,-3.2,9.0,-2.0,-0.6,1.4,0.34678586823498014,0.3845261501812508,0.03774028194627066,-0.34678586823498014,0.015473849818749209,0.36225971805372936,0.0,,,True
B18BVJVB1NE,Blast 18 Fire,BVJVB,18,1,23,2025-11-22,2026-03-15,0.4,0.8,0.4,-1.6,12.4,14.0,-0.6,1.4,2.0,0.5153044860224565,0.5818686738737274,0.06656418785127094,-0.11530448602245649,0.21813132612627256,0.3334358121487291,0.3333333333333333,0.6666666666666666,0.3333333333333333,True
B14MVPVA1NE,MVP BOS 14 Black,MVPVA,14,1,26,2025-11-22,2026-02-08,0.0,0.4,0.4,-13.0,-12.2,0.8000000000000007,-1.6,-0.6,1.0,0.33076806537035075,0.3981888469645901,0.06742078159423937,-0.33076806537035075,0.001811153035409885,0.33257921840576066,0.0,0.6666666666666666,0.6666666666666666,True
B18SAVBC1XL,Sporting Albany Boys 18u,SAVBC,18,1,18,2025-12-20,2026-03-15,0.0,0.4,0.4,-12.2,-3.2,9.0,-1.6,-0.2,1.4000000000000001,0.2891107834343637,0.3593757700007644,0.07026498656640073,-0.2891107834343637,0.04062422999923555,0.32973501343359923,0.0,0.5,0.5,True
B18NEVBC3NE,NEVBC Boys 18 Blue,NEVBC,18,3,10,2025-11-22,2026-03-15,0.0,0.2,0.2,-6.6,-10.4,-3.8000000000000007,-1.4,-1.2,0.19999999999999996,0.48024784256091396,0.3565831392943871,-0.12366470326652684,-0.48024784256091396,-0.15658313929438714,0.32366470326652685,0.0,1.0,1.0,True
B17PVJVB3NE,PV Boys 17 3,PVJVB,17,3,19,2026-01-17,2026-03-15,0.2,0.6,0.39999999999999997,-6.4,-0.2,6.2,-1.2,0.2,1.4,0.39406777340646426,0.478161635761355,0.08409386235489075,-0.19406777340646428,0.12183836423864496,0.3159061376451092,0.5,0.75,0.25,True
B17DIGSV1GE,Digs Boys 17 Red,DIGSV,17,1,8,2026-02-06,2026-02-08,0.0,0.4,0.4,-14.0,-5.2,8.8,-2.0,-0.4,1.6,0.3333000833427052,0.41934928443418384,0.08604920109147862,-0.3333000833427052,-0.019349284434183767,0.31395079890852146,0.0,0.6666666666666666,0.6666666666666666,True
B17SJJVB2NE,SMASH Boys 17 Chaos,SJJVB,17,2,11,2025-12-20,2026-02-01,0.4,0.8,0.4,-1.0,9.6,10.6,0.0,1.4,1.4,0.4537710649984864,0.5503696149675739,0.09659854996908745,-0.053771064998486384,0.24963038503242618,0.30340145003091257,0.6666666666666666,,,True
B14LCVBC1GE,Legacy Boys 14 Premier,LCVBC,14,1,8,2026-02-06,2026-02-08,0.0,0.4,0.4,-18.0,-4.2,13.8,-1.8,-0.2,1.6,0.3441415310250196,0.44336126820282307,0.09921973717780347,-0.3441415310250196,-0.043361268202823045,0.30078026282219655,0.0,0.5,0.5,True
B18CAPIT1XL,CSVC 18 HAYSTACK,CAPIT,18,1,28,2025-12-20,2026-03-15,0.4,0.8,0.4,-1.6,10.0,11.6,-0.4,1.2,1.6,0.4963772350809411,0.6044265650489252,0.10804932996798411,-0.09637723508094116,0.19557343495107476,0.2919506700320159,0.4,1.0,0.6,True
B16LIFRY2GE,LI Fury 16 2,LIFRY,16,2,8,2026-02-06,2026-02-08,0.0,0.4,0.4,-15.6,-7.6,8.0,-2.0,-0.4,1.6,0.25396219538570264,0.3719485139987753,0.11798631861307268,-0.25396219538570264,0.0280514860012247,0.28201368138692734,,1.0,,True
B18LHVBC3NE,LHV Boys 18-3 Thunder,LHVBC,18,3,12,2026-01-17,2026-02-01,0.0,0.4,0.4,-9.4,-6.6,2.8000000000000007,-1.6,-0.6,1.0,0.3361045202819877,0.46292248355889376,0.1268179632769061,-0.3361045202819877,-0.0629224835588938,0.2731820367230939,0.0,0.5,0.5,True
B18SPTMC3GE,Sportime 18 3,SPTMC,18,3,8,2026-02-06,2026-02-08,0.0,0.4,0.4,-15.8,-5.0,10.8,-1.8,-0.4,1.4,0.3319168749971998,0.4610189268283391,0.12910205183113932,-0.3319168749971998,-0.06101892682833909,0.2708979481688607,0.0,0.0,0.0,True
B17SJJVB3NE,SMASH Boys 17's Shock,SJJVB,17,3,10,2025-12-20,2026-02-01,0.6,0.8,0.20000000000000007,-3.6,2.8,6.4,0.2,0.6,0.39999999999999997,0.44355549738305217,0.37425335997428305,-0.06930213740876912,0.15644450261694776,0.42574664002571694,0.2693021374087692,1.0,1.0,0.0,True
B14SAVBC1XL,Sporting Albany Boys 14u,SAVBC,14,1,17,2025-12-20,2026-03-15,0.6,0.8,0.20000000000000007,6.8,14.2,7.3999999999999995,0.4,1.0,0.6,0.566911397625506,0.5032746803730128,-0.0636367172524932,0.03308860237449403,0.29672531962698717,0.26363671725249316,0.0,1.0,1.0,True
B18RRJVB1NE,Boston United Boys 18 1,RRJVB,18,1,24,2025-11-22,2026-03-15,0.2,0.6,0.39999999999999997,-7.0,1.0,8.0,-0.8,0.2,1.0,0.34505951392740314,0.48917299165130385,0.1441134777239007,-0.14505951392740316,0.11082700834869615,0.2558865222760993,,0.5,,True
B16MCJVB2NE,Mill City 16 Royal,MCJVB,16,2,20,2025-11-22,2026-03-15,0.0,0.2,0.2,-10.2,-11.8,-1.6000000000000014,-1.6,-0.8,0.8,0.38489637714976255,0.33137694673337637,-0.05351943041638618,-0.38489637714976255,-0.13137694673337635,0.2535194304163862,0.0,1.0,1.0,True
B14CAPIT1XL,CSVC 14 CASCADE,CAPIT,14,1,24,2025-12-20,2026-03-15,0.0,0.2,0.2,-16.4,-13.0,3.3999999999999986,-2.0,-1.2,0.8,0.40591029576635085,0.3568029332155215,-0.04910736255082937,-0.40591029576635085,-0.1568029332155215,0.24910736255082935,0.0,0.5,0.5,True
B161130588XX,NY Strangers 16,113058,16,8,8,2026-02-06,2026-02-08,0.8,1.0,0.19999999999999996,13.0,14.2,1.1999999999999993,1.2,1.8,0.6000000000000001,0.6720891858728404,0.6267007065076994,-0.04538847936514101,0.12791081412715954,0.3732992934923006,0.24538847936514108,0.5,1.0,0.5,True
B18SLCTD1SC,Selected 18s - Bubba,SLCTD,18,1,7,2026-02-06,2026-02-08,0.2,0.4,0.2,-5.4,-1.2,4.2,-1.0,-0.4,0.6,0.4913555791930029,0.46084008325174236,-0.030515495941260518,-0.29135557919300287,-0.060840083251742304,0.23051549594126056,0.0,0.3333333333333333,0.3333333333333333,True
B15HKJVB1NE,Husky 15.1,HKJVB,15,1,10,2026-01-31,2026-03-15,0.4,0.6,0.19999999999999996,-3.6,4.0,7.6,-0.6,0.2,0.8,0.5256034574413806,0.49916923854757356,-0.026434218893807038,-0.1256034574413806,0.10083076145242649,0.2264342188938071,0.0,1.0,1.0,True
B18SJJVB2NE,SMASH Boys 18's Force,SJJVB,18,2,10,2025-12-20,2026-02-01,0.4,0.6,0.19999999999999996,-4.2,3.6,7.800000000000001,-0.2,0.4,0.6000000000000001,0.4560897277291042,0.43556101966161986,-0.020528708067484358,-0.056089727729104276,0.16443898033838014,0.22052870806748442,0.5,0.75,0.25,True
B17BVJVB1NE,Blast 17 Ignite,BVJVB,17,1,22,2025-11-22,2026-03-15,0.2,0.4,0.2,-6.2,-4.4,1.7999999999999998,-1.0,-0.8,0.19999999999999996,0.48955835458450647,0.4723576690118291,-0.0172006855726774,-0.28955835458450646,-0.07235766901182909,0.21720068557267735,0.0,0.3333333333333333,0.3333333333333333,True
B17NEVBC1NE,NEVBC Boys 17.1,NEVBC,17,1,10,2025-12-20,2026-02-01,0.4,0.6,0.19999999999999996,0.2,-3.2,-3.4000000000000004,-0.2,0.2,0.4,0.5391969092588542,0.5244918946280896,-0.014705014630764568,-0.13919690925885425,0.0755081053719103,0.21470501463076455,0.4,0.0,-0.4,True
B18XTREM2GE,Xtreme 18 National Kelly,XTREM,18,2,9,2026-02-06,2026-02-08,0.6,0.8,0.20000000000000007,4.6,2.2,-2.3999999999999995,0.6,0.8,0.20000000000000007,0.5584373600101744,0.5444927965183921,-0.013944563491782302,0.0415626399898255,0.25550720348160794,0.21394456349178242,0.3333333333333333,1.0,0.6666666666666667,True
B16LCVBC1GE,Legacy Boys 16 National,LCVBC,16,1,8,2026-02-06,2026-02-08,0.0,0.2,0.2,-7.4,-5.8,1.6000000000000005,-1.6,-1.0,0.6000000000000001,0.41454294548922965,0.401151787156663,-0.013391158332566655,-0.41454294548922965,-0.201151787156663,0.21339115833256667,0.0,0.3333333333333333,0.3333333333333333,True
B15SPTMC3GE,Sportime 15 3,SPTMC,15,3,7,2026-02-06,2026-02-08,0.2,0.4,0.2,-6.0,-1.6,4.4,-1.0,-0.6,0.4,0.44173082865001323,0.42895064488589957,-0.012780183764113662,-0.24173082865001322,-0.028950644885899525,0.2127801837641137,0.3333333333333333,0.6666666666666666,0.3333333333333333,True
B17CSJVB1NE,MEVBC/CT STARS 17 1,CSJVB,17,1,10,2026-01-31,2026-03-15,0.0,0.2,0.2,-6.0,-12.6,-6.6,-1.4,-1.4,0.0,0.3943272880119199,0.38600419126153357,-0.008323096750386338,-0.3943272880119199,-0.18600419126153356,0.20832309675038635,0.0,0.5,0.5,True
B18SPTMC2GE,Sportime 18 2,SPTMC,18,2,8,2026-02-06,2026-02-08,0.2,0.4,0.2,-11.8,-6.4,5.4,-1.0,-0.6,0.4,0.3676782082210951,0.37558328593215307,0.007905077711057973,-0.16767820822109508,0.024416714067846967,0.19209492228894204,0.0,0.0,0.0,True
B18118281XX,PWVolleyball 18 1,11828,18,1,20,2026-01-17,2026-03-15,0.6,0.8,0.20000000000000007,5.6,4.8,-0.7999999999999998,0.4,1.0,0.6,0.6073801494694996,0.6152939157684975,0.00791376629899787,-0.007380149469499564,0.1847060842315026,0.19208623370100214,0.0,0.5,0.5,True
B14HKJVB1NE,Husky 14.1,HKJVB,14,1,9,2026-01-31,2026-03-15,0.2,0.4,0.2,-14.4,-10.2,4.200000000000001,-1.4,-0.8,0.5999999999999999,0.38421299442100765,0.4072147447208483,0.02300175029984064,-0.18421299442100764,-0.007214744720848243,0.1769982497001594,0.5,0.5,0.0,True
B18NESVC2NE,NE Storm 18 Squall,NESVC,18,2,18,2025-11-22,2026-03-15,0.4,0.6,0.19999999999999996,-1.8,2.8,4.6,0.0,0.4,0.4,0.4571506148386601,0.48407517477124884,0.026924559932588743,-0.05715061483866013,0.11592482522875117,0.1730754400674113,0.0,0.5,0.5,True
B15ALLIN1FL,AVA 15 Boys,ALLIN,15,1,8,2026-02-06,2026-02-08,0.6,0.8,0.20000000000000007,5.0,18.0,13.0,0.4,1.2,0.7999999999999999,0.6466651378666144,0.684778702745104,0.0381135648784896,-0.046665137866614484,0.11522129725489602,0.16188643512151052,0.0,0.0,0.0,True
B14RRJVB1NE,Boston United Boys 14-1,RRJVB,14,1,24,2025-11-22,2026-03-15,0.4,0.6,0.19999999999999996,-7.4,12.0,19.4,-0.4,0.4,0.8,0.6291116253597495,0.6677909519610444,0.03867932660129492,-0.22911162535974947,-0.06779095196104441,0.16132067339870504,0.0,0.0,0.0,True
B15SPTMC4GE,Sportime 15 4,SPTMC,15,4,8,2026-02-06,2026-02-08,0.4,0.6,0.19999999999999996,-5.2,-10.2,-4.999999999999999,-0.2,0.2,0.4,0.34026252197754875,0.39267544366950274,0.052412921691953995,0.05973747802245122,0.20732455633049723,0.14758707830804602,1.0,1.0,0.0,True
B16CAPIT1XL,CSVC 16 WOLFJAW,CAPIT,16,1,27,2025-12-20,2026-03-15,0.6,0.8,0.20000000000000007,2.2,4.8,2.5999999999999996,0.4,1.0,0.6,0.6076487838130548,0.6617788901988761,0.054130106385821386,-0.007648783813054727,0.1382211098011238,0.14586989361417851,0.3333333333333333,0.0,-0.3333333333333333,True
B17NESVC2NE,NE Storm 17 Landslide,NESVC,17,2,23,2025-11-22,2026-03-15,0.4,0.4,0.0,-4.2,-5.8,-1.5999999999999996,-0.4,-0.6,-0.19999999999999996,0.47577951992708556,0.33632428599237135,-0.1394552339347142,-0.07577951992708556,0.06367571400762864,0.1394552339347142,0.5,1.0,0.5,True
B18CSJVB1NE,MEVBC/CT STARS 18 1,CSJVB,18,1,10,2026-01-31,2026-03-15,0.0,0.2,0.2,-15.2,-9.4,5.799999999999999,-1.6,-1.0,0.6000000000000001,0.2845305587436867,0.34911801055786035,0.06458745181417364,-0.2845305587436867,-0.14911801055786034,0.13541254818582638,,0.0,,True
B18HKJVB3NE,Husky 18.3,HKJVB,18,3,10,2026-01-31,2026-03-15,0.4,0.6,0.19999999999999996,1.8,3.8,1.9999999999999998,0.0,0.2,0.2,0.5283784556620906,0.5977397660280709,0.06936131036598026,-0.1283784556620907,0.002260233971929082,0.13063868963401978,0.5,,,True
B14ROCVC1GE,Rockland VBC 14 1,ROCVC,14,1,7,2026-02-06,2026-02-08,0.2,0.4,0.2,-19.0,-9.2,9.8,-1.2,-0.4,0.7999999999999999,0.31766286429855123,0.3941475666684511,0.07648470236989985,-0.11766286429855125,0.005852433331548901,0.12351529763010015,0.5,0.6666666666666666,0.16666666666666663,True
B15NYCVA1GE,NYC VBA 15 Nomad,NYCVA,15,1,13,2026-01-31,2026-02-08,0.6,0.6,0.0,7.0,0.0,-7.0,0.4,0.2,-0.2,0.6285104418696333,0.5051919271494718,-0.12331851472016153,-0.028510441869633273,0.09480807285052816,0.12331851472016142,0.0,1.0,1.0,True
B14LHVBC1NE,LHV Boys 14-1 Premier,LHVBC,14,1,26,2025-11-22,2026-02-08,0.4,0.6,0.19999999999999996,-4.4,-5.6,-1.1999999999999993,-0.8,0.2,1.0,0.3602503958621416,0.4374014182599595,0.0771510223978179,0.03974960413785844,0.16259858174004047,0.12284897760218202,1.0,1.0,0.0,True
B16NEVBC3NE,NEVBC Boys 16 Blue,NEVBC,16,3,10,2025-11-22,2026-03-15,0.4,0.4,0.0,-8.6,-7.8,0.7999999999999998,-0.6,-0.4,0.19999999999999996,0.3987188545622892,0.27803793540215815,-0.12068091916013107,0.0012811454377107511,0.12196206459784183,0.12068091916013107,1.0,,,True
B17LCVBC1GE,Legacy Boys 17 National,LCVBC,17,1,8,2026-02-06,2026-02-08,0.4,0.6,0.19999999999999996,-0.6,7.6,8.2,-0.2,0.4,0.6000000000000001,0.5239775564066587,0.6100069749550703,0.08602941854841162,-0.12397755640665867,-0.010006974955070302,0.11397058145158837,0.25,0.0,-0.25,True
B14COQUI1PU,BORINQUEN COQUI 14M Pirito,COQUI,14,1,8,2026-02-06,2026-02-08,1.0,1.0,0.0,33.2,29.4,-3.8000000000000043,2.0,2.0,0.0,0.8567645897049821,0.7445916919727913,-0.11217289773219086,0.1432354102950179,0.2554083080272087,0.1121728977321908,,1.0,,True
B15SPTMC5GE,Sportime 15 Lynbrook,SPTMC,15,5,7,2026-02-06,2026-02-08,0.2,0.4,0.2,-11.2,-4.2,6.999999999999999,-1.2,-0.4,0.7999999999999999,0.3559357143513298,0.4499644199756254,0.0940287056242956,-0.1559357143513298,-0.04996441997562544,0.10597129437570436,0.3333333333333333,0.5,0.16666666666666669,True
B16BVJVB2NE,Blast 16 Pyro,BVJVB,16,2,23,2025-11-22,2026-03-15,0.4,0.4,0.0,-11.0,-6.6,4.4,-0.6,-0.4,0.19999999999999996,0.5764481510900281,0.47384072222339235,-0.10260742886663576,-0.17644815109002815,-0.07384072222339233,0.10260742886663582,,1.0,,True
B15TACCU1GE,Accuracy 15 Champ,TACCU,15,1,13,2025-11-22,2026-02-08,0.6,0.6,0.0,0.4,1.2,0.7999999999999999,0.2,0.2,0.0,0.5719150732422795,0.47316044978953736,-0.09875462345274216,0.02808492675772044,0.12683955021046264,0.0987546234527422,0.0,1.0,1.0,True
B15LHVBC1NE,LHV Boys 15-1 Eclipse,LHVBC,15,1,10,2025-11-22,2026-02-01,0.4,0.4,0.0,-7.8,0.0,7.8,-0.8,0.0,0.8,0.48555284436301366,0.39303880317948914,-0.09251404118352452,-0.08555284436301372,0.006961196820510862,0.09251404118352458,0.0,0.6666666666666666,0.6666666666666666,True
B17SPTMC3GE,Sportime 17 3,SPTMC,17,3,9,2026-02-06,2026-02-08,0.8,0.8,0.0,1.6,6.4,4.800000000000001,0.8,1.0,0.19999999999999996,0.6048263538139005,0.5158119125286236,-0.08901444128527691,0.19517364618609953,0.2841880874713764,0.08901444128527689,0.5,0.75,0.25,True
B15SYRVB1XL,SVC 15 1 Boys,SYRVB,15,1,9,2026-01-17,2026-01-19,1.0,1.0,0.0,20.0,16.6,-3.3999999999999986,2.0,2.0,0.0,0.7762847664508026,0.6875895144785135,-0.08869525197228911,0.22371523354919737,0.3124104855214866,0.08869525197228922,,1.0,,True
B16MVPVA1NE,MVP BOS 16 Black,MVPVA,16,1,17,2025-11-22,2026-02-08,0.4,0.4,0.0,3.2,0.8,-2.4000000000000004,0.0,-0.2,-0.2,0.5837600643496035,0.4972226102657311,-0.08653745408387237,-0.18376006434960362,-0.09722261026573112,0.0865374540838725,0.0,0.0,0.0,True
B18VENGE1OV,18 - Lusher,VENGE,18,1,9,2026-02-06,2026-02-08,1.0,1.0,0.0,15.8,8.8,-7.0,1.8,1.8,0.0,0.7216082614746003,0.6400684817082809,-0.08153977976631943,0.27839173852539967,0.3599315182917192,0.08153977976631954,,,,True
B17HKJVB2NE,Husky 17.2,HKJVB,17,2,10,2026-01-31,2026-03-15,0.6,0.6,0.0,6.2,1.6,-4.6,0.4,0.2,-0.2,0.5882808081381148,0.515421289543989,-0.07285951859412576,0.01171919186188527,0.08457871045601102,0.07285951859412575,1.0,0.5,-0.5,True
B15CAPIT1XL,CSVC 15 PANTHERS,CAPIT,15,1,24,2025-12-20,2026-03-15,0.4,0.6,0.19999999999999996,-7.8,7.8,15.6,-0.4,0.4,0.8,0.34557059545037905,0.4828941758756346,0.13732358042525555,0.054429404549620954,0.11710582412436539,0.06267641957474443,0.0,,,True
B18MVNER2NE,Meraki VB 18 2,MVNER,18,2,16,2025-11-22,2026-03-15,0.4,0.6,0.19999999999999996,2.0,2.0,0.0,-0.6,0.4,1.0,0.4249552071879714,0.5623455753776809,0.1373903681897095,-0.02495520718797145,0.03765442462231909,0.06260963181029054,1.0,0.5,-0.5,True
B16SJJVB1NE,SMASH Boys 16-1,SJJVB,16,1,11,2025-12-20,2026-02-01,1.0,1.0,0.0,14.4,14.8,0.40000000000000036,2.0,1.8,-0.19999999999999996,0.6367703036423693,0.5764057970115316,-0.0603645066308377,0.3632296963576306,0.4235942029884684,0.06036450663083781,1.0,1.0,0.0,True
B14SPTMC3GE,Sportime 14 3,SPTMC,14,3,8,2026-02-06,2026-02-08,0.0,0.2,0.2,-22.0,-11.4,10.6,-1.8,-1.2,0.6000000000000001,0.2665621959233029,0.40705041890041294,0.14048822297711006,-0.2665621959233029,-0.2070504189004129,0.05951177702288998,,0.3333333333333333,,True
B17CORE11GE,CORE Boys 17 Platinum,CORE1,17,1,7,2026-02-06,2026-02-08,0.8,0.8,0.0,11.6,6.2,-5.3999999999999995,1.4,1.0,-0.3999999999999999,0.6835774576317647,0.6241887940832738,-0.05938866354849093,0.11642254236823524,0.17581120591672622,0.05938866354849098,1.0,0.5,-0.5,True
B17LCVBC2GE,Legacy Boys 17 Premier,LCVBC,17,2,7,2026-02-06,2026-02-08,0.6,0.6,0.0,-2.2,-2.0,0.20000000000000018,0.2,0.2,0.0,0.5076316785586202,0.4487649872218652,-0.05886669133675504,0.09236832144137971,0.15123501277813478,0.05886669133675507,0.75,0.6666666666666666,-0.08333333333333337,True
B16LEGIO1XL,TeamLVC Boys 16 Black,LEGIO,16,1,20,2025-12-20,2026-03-15,1.0,1.0,0.0,10.6,9.4,-1.1999999999999993,1.6,1.6,0.0,0.6451697123340537,0.5883143011719818,-0.056855411162071934,0.35483028766594626,0.411685698828018,0.05685541116207171,1.0,1.0,0.0,True
B16NYCVA1GE,NYC VBA 16 Hudson,NYCVA,16,1,13,2026-01-31,2026-02-08,0.6,0.6,0.0,3.6,2.0,-1.6,0.4,0.2,-0.2,0.5773371314477819,0.5205608348228521,-0.05677629662492978,0.022662868552218062,0.07943916517714791,0.05677629662492985,0.3333333333333333,0.3333333333333333,0.0,True
B18MVNER1NE,Meraki VB 18 1,MVNER,18,1,10,2025-11-22,2026-02-01,0.6,0.6,0.0,-0.2,-1.0,-0.8,0.4,0.2,-0.2,0.5127444660894567,0.46038692437713935,-0.052357541712317324,0.0872555339105434,0.13961307562286068,0.05235754171231728,0.75,1.0,0.25,True
B15RRJVB1NE,Boston United Boys 15 National,RRJVB,15,1,25,2025-11-22,2026-03-15,1.0,1.0,0.0,15.4,15.6,0.1999999999999993,2.0,2.0,0.0,0.7568832231668742,0.7049928812806765,-0.05189034188619768,0.24311677683312585,0.29500711871932356,0.051890341886197705,,1.0,,True
B18DIGSV1GE,Digs Boys 18 Red,DIGSV,18,1,7,2026-02-06,2026-02-08,0.6,0.6,0.0,2.6,-1.6,-4.2,0.6,0.6,0.0,0.5224309321881049,0.4739569501846737,-0.04847398200343117,0.07756906781189514,0.1260430498153263,0.04847398200343116,0.5,0.75,0.25,True
B17LIFRY1GE,LI Fury 17 1,LIFRY,17,1,7,2026-02-06,2026-02-08,0.6,0.6,0.0,5.8,5.8,0.0,0.8,0.8,0.0,0.6489253851266256,0.6032685808128018,-0.045656804313823796,-0.04892538512662561,-0.003268580812801769,0.04565680431382384,0.0,0.3333333333333333,0.3333333333333333,True
B16SPTMC3GE,Sportime 16 3,SPTMC,16,3,8,2026-02-06,2026-02-08,0.6,0.6,0.0,3.0,1.8,-1.2,0.4,0.6,0.19999999999999996,0.5389630768280399,0.4945982907272121,-0.04436478610082778,0.06103692317196012,0.10540170927278791,0.044364786100827794,0.5,0.6666666666666666,0.16666666666666663,True
B15TTVBC1NE,SLAM 15 1 Boys,TTVBC,15,1,17,2025-11-22,2026-03-15,0.2,0.2,0.0,-7.8,-12.0,-4.2,-1.0,-1.2,-0.19999999999999996,0.39117259883086414,0.34941910566623513,-0.04175349316462901,-0.19117259883086415,-0.14941910566623512,0.041753493164629035,0.5,1.0,0.5,True
B17ROYAL1NO,Infinity Royals 17N,ROYAL,17,1,8,2026-02-06,2026-02-08,0.4,0.4,0.0,0.6,-2.2,-2.8000000000000003,-0.4,-0.4,0.0,0.5299567997718044,0.4926119388940565,-0.03734486087774791,-0.12995679977180438,-0.09261193889405647,0.03734486087774791,0.5,0.5,0.0,True
B17ALLIN1FL,AVA 17 Boys,ALLIN,17,1,8,2026-02-06,2026-02-08,0.8,0.8,0.0,11.8,4.8,-7.000000000000001,1.0,1.2,0.19999999999999996,0.6691700160939282,0.6340274074488639,-0.035142608645064355,0.1308299839060717,0.1659725925511362,0.035142608645064494,0.0,0.5,0.5,True
B17NESVC3NE,NE Storm 17 Wildfire,NESVC,17,3,18,2025-11-22,2026-03-15,0.4,0.4,0.0,-2.2,-3.8,-1.5999999999999996,-0.2,-0.4,-0.2,0.5104604271820029,0.4758719201928412,-0.034588506989161716,-0.11046042718200284,-0.07587192019284117,0.034588506989161674,1.0,0.5,-0.5,True
B18SJJVB1NE,SMASH Boys 18-1,SJJVB,18,1,6,2026-01-31,2026-02-01,1.0,1.0,0.0,18.2,16.8,-1.3999999999999986,2.0,1.8,-0.19999999999999996,0.7633461681068633,0.7311701585437669,-0.03217600956309641,0.23665383189313666,0.268829841456233,0.03217600956309635,,,,True
B18MMVBC2NE,Mayhem 18 2,MMVBC,18,2,10,2025-11-22,2026-02-01,0.8,0.8,0.0,6.2,10.4,4.2,0.8,0.8,0.0,0.6331170484795351,0.6026759802754305,-0.030441068204104638,0.16688295152046487,0.19732401972456953,0.030441068204104665,1.0,0.5,-0.5,True
B17CAPIT2XL,CSVC 17 SKYLIGHT,CAPIT,17,2,25,2025-12-20,2026-03-15,0.2,0.4,0.2,-12.4,6.0,18.4,-1.4,0.0,1.4,0.36695527204746414,0.5368120142731605,0.16985674222569636,-0.16695527204746413,-0.13681201427316061,0.030143257774303517,1.0,0.0,-1.0,True
B17TTVBC1NE,SLAM 17 1 Boys,TTVBC,17,1,23,2025-11-22,2026-03-15,0.6,0.6,0.0,5.4,5.4,0.0,0.8,0.4,-0.4,0.5734304373820532,0.54557849374854,-0.027851943633513288,0.026569562617946674,0.054421506251460104,0.02785194363351343,0.3333333333333333,0.5,0.16666666666666669,True
B18PWRSP1SU,PSA Power 18,PWRSP,18,1,8,2026-02-06,2026-02-08,0.8,0.8,0.0,5.6,8.4,2.8000000000000007,0.8,1.2,0.3999999999999999,0.606849088590794,0.5794769234951912,-0.027372165095602807,0.19315091140920607,0.22052307650480882,0.027372165095602752,1.0,0.5,-0.5,True
B16TTVBC1NE,SLAM 16 1 Boys,TTVBC,16,1,22,2025-11-22,2026-03-15,0.4,0.4,0.0,-5.4,-4.0,1.4000000000000004,-0.6,-0.4,0.19999999999999996,0.447228303886118,0.42020576528653975,-0.02702253859957826,-0.047228303886118025,-0.020205765286539702,0.027022538599578323,0.6666666666666666,0.5,-0.16666666666666663,True
B16BVJVB1NE,Blast 16 Inferno,BVJVB,16,1,22,2025-11-22,2026-03-15,0.2,0.2,0.0,-8.6,-5.2,3.3999999999999995,-1.0,-1.0,0.0,0.41425363957675365,0.3889849064177736,-0.02526873315898004,-0.21425363957675367,-0.1889849064177736,0.025268733158980067,0.3333333333333333,0.3333333333333333,0.0,True
B16NEVBC1NE,NEVBC Boys 16.1,NEVBC,16,1,10,2025-12-20,2026-02-01,0.6,0.6,0.0,2.4,-1.0,-3.4,0.2,0.0,-0.2,0.5185320443317029,0.4937166582558453,-0.024815386075857537,0.08146795566829715,0.10628334174415462,0.024815386075857468,0.5,0.6666666666666666,0.16666666666666663,True
B18LCVBC5GE,Legacy Boys 18 Premier Billy,LCVBC,18,5,7,2026-02-06,2026-02-08,0.0,0.0,0.0,-17.8,-15.2,2.6000000000000014,-2.0,-2.0,0.0,0.3047361475609808,0.28021887418871805,-0.024517273372262727,-0.3047361475609808,-0.28021887418871805,0.024517273372262727,0.0,,,True
B14NEVBC1NE,NEVBC Boys 14.1,NEVBC,14,1,12,2026-01-31,2026-03-15,1.0,1.0,0.0,15.0,15.2,0.1999999999999993,1.8,1.8,0.0,0.6743293943902677,0.656262442216144,-0.018066952174123685,0.32567060560973227,0.34373755778385595,0.018066952174123685,1.0,1.0,0.0,True
B15RRJVB2NE,Boston United Boys 15 Select 1,RRJVB,15,2,22,2025-11-22,2026-03-15,0.2,0.2,0.0,-5.4,-6.6,-1.1999999999999993,-0.8,-1.0,-0.19999999999999996,0.41610166426464107,0.39835637649177913,-0.01774528777286194,-0.21610166426464109,-0.19835637649177915,0.01774528777286194,,0.0,,True
B17SYRVB1XL,SVC 17 1 Boys,SYRVB,17,1,8,2026-01-17,2026-01-19,1.0,1.0,0.0,19.6,18.4,-1.2000000000000028,2.0,2.0,0.0,0.8028807462960025,0.7865664660499243,-0.016314280246078172,0.19711925370399755,0.21343353395007575,0.0163142802460782,,,,True
B18NYCVA1GE,NYC VBA 18 Riverside,NYCVA,18,1,12,2026-01-31,2026-02-08,0.2,0.2,0.0,-4.0,-3.8,0.20000000000000018,-0.8,-0.8,0.0,0.4797611252636294,0.4648691266523944,-0.014891998611235024,-0.27976112526362945,-0.2648691266523944,0.014891998611235024,0.25,0.0,-0.25,True
B16RRJVB3NE,Boston United Boys 16 Select 1,RRJVB,16,3,23,2025-11-22,2026-03-15,0.6,0.6,0.0,2.2,1.6,-0.6000000000000001,0.4,0.2,-0.2,0.5889466883756843,0.5742329406831572,-0.01471374769252709,0.011053311624315642,0.025767059316842887,0.014713747692527245,0.3333333333333333,,,True
B18315VB1XL,315VB 18 USA,315VB,18,1,6,2026-03-14,2026-03-15,1.0,1.0,0.0,16.6,15.2,-1.4000000000000021,2.0,1.8,-0.19999999999999996,0.747151376293614,0.7334549931038978,-0.01369638318971611,0.252848623706386,0.26654500689610217,0.013696383189716166,,,,True
B16CORE11GE,CORE Boys 16 Platinum,CORE1,16,1,8,2026-02-06,2026-02-08,1.0,1.0,0.0,11.6,11.4,-0.1999999999999993,1.6,1.8,0.19999999999999996,0.6698338211572581,0.6566521844077823,-0.013181636749475811,0.33016617884274185,0.3433478155922177,0.013181636749475867,1.0,1.0,0.0,True
B14RRJVB2NE,Boston United Boys 13 Select 1,RRJVB,14,2,10,2026-01-31,2026-03-15,0.2,0.2,0.0,-10.2,-18.8,-8.600000000000001,-1.2,-1.2,0.0,0.40869256232174933,0.39690890497456566,-0.011783657347183674,-0.20869256232174935,-0.19690890497456565,0.011783657347183701,0.5,0.0,-0.5,True
B17RIVAL1GE,Rival 17’s,RIVAL,17,1,7,2026-02-06,2026-02-08,0.4,0.4,0.0,-4.2,-3.4,0.8000000000000003,-0.6,-0.6,0.0,0.45851325449175945,0.4509741489741118,-0.007539105517647637,-0.058513254491759446,-0.05097414897411186,0.007539105517647589,0.5,0.5,0.0,True
B17TTVBC2NE,SLAM 17 2 Boys,TTVBC,17,2,22,2025-11-22,2026-03-15,0.0,0.0,0.0,-10.6,-9.4,1.1999999999999993,-1.6,-1.4,0.20000000000000018,0.4046580990435504,0.39747454719588327,-0.007183551847667113,-0.4046580990435504,-0.39747454719588327,0.007183551847667113,0.0,0.0,0.0,True
B16SJVBC1NE,South County Juniors Boys 16's Blue,SJVBC,16,1,17,2025-11-22,2026-03-15,0.2,0.2,0.0,-7.0,-3.6,3.4,-1.2,-1.0,0.19999999999999996,0.435476118943792,0.4289855908537666,-0.006490528090025427,-0.23547611894379203,-0.22898559085376652,0.00649052809002551,0.5,0.3333333333333333,-0.16666666666666669,True
B17SJJVB1NE,SMASH Boys 17-1,SJJVB,17,1,6,2026-01-31,2026-02-01,1.0,1.0,0.0,20.2,17.2,-3.0,2.0,1.8,-0.19999999999999996,0.7694327968375554,0.763871434857154,-0.005561361980401358,0.23056720316244456,0.23612856514284591,0.005561361980401358,,,,True
B15NYCIV1GE,NYC Impact 15 National,NYCIV,15,1,8,2026-02-06,2026-02-08,0.4,0.4,0.0,1.4,-3.2,-4.6,-0.2,-0.2,0.0,0.4961585675017363,0.4942909941194039,-0.0018675733823323992,-0.09615856750173636,-0.09429099411940393,0.001867573382332427,0.0,0.0,0.0,True
B16JHEAT1GE,CJ HEAT 16-1 Boys,JHEAT,16,1,5,2026-01-31,2026-02-01,0.4,0.4,0.0,-2.0,-2.0,0.0,-0.6,-0.6,0.0,0.4121606002498116,0.4121606002498116,0.0,-0.012160600249811582,-0.012160600249811582,0.0,1.0,1.0,0.0,False
B16TACCU1GE,Accuracy 16 Champ,TACCU,16,1,5,2025-11-22,2025-11-23,0.6,0.6,0.0,-1.0,-1.0,0.0,0.2,0.2,0.0,0.485150800989984,0.485150800989984,0.0,0.11484919901001597,0.11484919901001597,0.0,0.6666666666666666,0.6666666666666666,0.0,False
B18GEVBC1NE,Generations vbc 18 1,GEVBC,18,1,5,2026-03-14,2026-03-15,0.0,0.0,0.0,-13.4,-13.4,0.0,-1.6,-1.6,0.0,0.3462928056906594,0.3462928056906594,0.0,-0.3462928056906594,-0.3462928056906594,0.0,0.0,0.0,0.0,False
B18SGHVB1NE,Starlings GH 18 1 Boys,SGHVB,18,1,5,2026-01-31,2026-02-01,0.0,0.0,0.0,-21.6,-21.6,0.0,-1.8,-1.8,0.0,0.2006816449989759,0.2006816449989759,0.0,-0.2006816449989759,-0.2006816449989759,0.0,,,,False
B18TTVBC1NE,SLAM 18 1 Boys,TTVBC,18,1,5,2026-03-14,2026-03-15,0.2,0.2,0.0,-5.4,-5.4,0.0,-1.0,-1.0,0.0,0.4654194485258401,0.4654194485258401,0.0,-0.26541944852584004,-0.26541944852584004,0.0,0.3333333333333333,0.3333333333333333,0.0,False
B18TTVBC2NE,SLAM 18 2 Boys,TTVBC,18,2,5,2025-11-22,2025-11-23,0.2,0.2,0.0,-6.2,-6.2,0.0,-1.0,-1.0,0.0,0.4093337452819038,0.4093337452819038,0.0,-0.20933374528190382,-0.20933374528190382,0.0,0.3333333333333333,0.3333333333333333,0.0,False
B16LCVBC2GE,Legacy Boys 16 Premier,LCVBC,16,2,7,2026-02-06,2026-02-08,0.4,0.4,0.0,0.2,-4.0,-4.2,-0.2,-0.2,0.0,0.4728257860905657,0.4728257860905657,0.0,-0.07282578609056568,-0.07282578609056568,0.0,0.0,0.0,0.0,True
B18LEGIO1XL,TeamLVC Boys 18 Black,LEGIO,18,1,17,2025-12-20,2026-03-15,0.6,0.6,0.0,2.4,6.0,3.6,0.4,0.6,0.19999999999999996,0.4376750611141329,0.4391760538396975,0.0015009927255645872,0.16232493888586705,0.1608239461603025,-0.0015009927255645594,0.5,1.0,0.5,True
B18LCVBC1GE,Legacy Boys 18 National,LCVBC,18,1,8,2026-02-06,2026-02-08,0.4,0.4,0.0,-3.0,-1.0,2.0,-0.4,-0.4,0.0,0.463786161694982,0.4655481729005634,0.001762011205581393,-0.063786161694982,-0.06554817290056333,-0.0017620112055813375,0.6666666666666666,0.5,-0.16666666666666663,True
B17SPTMC6GE,Sportime 17 Lynbrook 2,SPTMC,17,6,7,2026-02-06,2026-02-08,0.2,0.2,0.0,-3.6,-5.2,-1.6,-0.8,-1.0,-0.19999999999999996,0.461790923318327,0.4646577869685705,0.002866863650243523,-0.261790923318327,-0.2646577869685705,-0.002866863650243523,0.25,0.25,0.0,True
B16PVJVB2NE,PV Boys 16 2,PVJVB,16,2,18,2026-01-17,2026-03-15,0.2,0.4,0.2,-12.2,-2.8,9.399999999999999,-1.4,-0.6,0.7999999999999999,0.2933480947885287,0.49665927516313585,0.20331118037460716,-0.09334809478852875,-0.09665927516313579,-0.0033111803746070367,0.0,0.0,0.0,True
B16SPTMC6GE,Sportime 16 Lynbrook,SPTMC,16,6,8,2026-02-06,2026-02-08,0.4,0.4,0.0,-2.4,0.2,2.6,-0.4,-0.2,0.2,0.48700408967259506,0.4908703109351573,0.0038662212625622527,-0.08700408967259507,-0.09087031093515728,-0.003866221262562211,,0.5,,True
B15SJJVB2NE,SMASH Boys 15 Lightning,SJJVB,15,2,15,2025-12-20,2026-03-15,0.6,0.6,0.0,3.2,-2.0,-5.2,0.4,0.2,-0.2,0.4761817248420481,0.48251060981975585,0.006328884977707727,0.1238182751579519,0.11748939018024411,-0.006328884977707783,1.0,1.0,0.0,True
B18LHVBC1NE,LHV Boys 18-1 Rafiki,LHVBC,18,1,22,2025-11-22,2026-03-15,0.4,0.4,0.0,-3.4,0.0,3.4,-0.4,0.0,0.4,0.5139672364291751,0.5293966736591496,0.015429437229974474,-0.11396723642917506,-0.12939667365914959,-0.01542943722997453,0.3333333333333333,0.0,-0.3333333333333333,True
B17RAPTO1GE,NYC Raptors 17 Black,RAPTO,17,1,7,2026-02-06,2026-02-08,0.0,0.0,0.0,-13.8,-14.2,-0.3999999999999986,-1.8,-2.0,-0.19999999999999996,0.3085134445223609,0.32433195442631574,0.015818509903954836,-0.3085134445223609,-0.32433195442631574,-0.015818509903954836,,0.0,,True
B17HKJVB3NE,Husky 17.3,HKJVB,17,3,12,2026-01-31,2026-03-15,0.4,0.4,0.0,-2.6,-2.4,0.20000000000000018,-0.2,-0.2,0.0,0.45884038967954827,0.4778069264479405,0.018966536768392217,-0.05884038967954828,-0.0778069264479405,-0.018966536768392224,0.5,0.3333333333333333,-0.16666666666666669,True
B15SAVBC1XL,Sporting Albany Boys 15u,SAVBC,15,1,15,2025-12-20,2026-03-15,0.2,0.2,0.0,-7.0,-7.4,-0.40000000000000036,-1.2,-1.2,0.0,0.3482549671386273,0.36814219157160927,0.019887224432981965,-0.14825496713862732,-0.16814219157160926,-0.019887224432981937,1.0,,,True
B17SJVBC1NE,South County Juniors Boys 17 1,SJVBC,17,1,17,2025-11-22,2026-03-15,0.6,0.6,0.0,3.4,-0.2,-3.6,0.4,0.0,-0.4,0.5274332005287221,0.548838200755853,0.021405000227130877,0.07256679947127789,0.05116179924414693,-0.02140500022713096,0.6,1.0,0.4,True
B18MVPVA1NE,MVP BOS 18 Black,MVPVA,18,1,19,2025-11-22,2026-02-08,0.6,0.6,0.0,4.6,5.8,1.2000000000000002,0.4,0.0,-0.4,0.5273644708411842,0.5595193732041119,0.03215490236292773,0.0726355291588158,0.04048062679588815,-0.032154902362927645,0.6666666666666666,0.0,-0.6666666666666666,True
B18MMVBC1NE,Mayhem 18 1,MMVBC,18,1,10,2025-11-22,2026-02-01,0.4,0.4,0.0,-3.6,-1.0,2.6,-0.4,-0.4,0.0,0.43784422415517843,0.4700261213816789,0.032181897226500444,-0.03784422415517841,-0.07002612138167882,-0.03218189722650042,0.5,0.5,0.0,True
B16118971XX,Supreme 16-1,11897,16,1,17,2025-11-22,2026-03-15,0.8,0.8,0.0,12.4,14.4,2.0,0.8,1.2,0.3999999999999999,0.5722882266169639,0.6082791029764445,0.03599087635948062,0.2277117733830362,0.1917208970235555,-0.0359908763594807,0.6666666666666666,,,True
B18BVJVB2NE,Blast 18 Blaze,BVJVB,18,2,22,2025-11-22,2026-03-15,0.2,0.2,0.0,-14.4,-10.2,4.200000000000001,-1.4,-1.4,0.0,0.3758813222723568,0.4166513680735693,0.04077004580121246,-0.17588132227235684,-0.21665136807356927,-0.040770045801212434,0.5,0.5,0.0,True
B18SJVBC1NE,South County Juniors Boys 18's Blue,SJVBC,18,1,18,2025-11-22,2026-03-15,1.0,1.0,0.0,12.6,9.6,-3.0,1.6,1.4,-0.20000000000000018,0.6222046252616207,0.6709629630871063,0.048758337825485665,0.3777953747383793,0.32903703691289354,-0.048758337825485776,,1.0,,True
B17NEVBC2NE,NEVBC Boys 17.2,NEVBC,17,2,10,2026-01-31,2026-03-15,0.6,0.4,-0.19999999999999996,11.0,4.8,-6.2,0.8,0.0,-0.8,0.6925294765094041,0.5425321373221955,-0.1499973391872086,-0.09252947650940424,-0.1425321373221955,-0.050002660812791255,,0.0,,True
B17MVNER2NE,Meraki VB 17 2,MVNER,17,2,15,2025-11-22,2026-03-15,0.2,0.2,0.0,-10.8,-9.4,1.4000000000000004,-1.0,-1.0,0.0,0.3016099990616089,0.3609922067155744,0.05938220765396551,-0.10160999906160897,-0.1609922067155744,-0.05938220765396543,,,,True
B18MVPVA2NE,MVP BOS 18 Blue,MVPVA,18,2,18,2025-11-22,2026-02-08,1.0,0.8,-0.19999999999999996,13.4,4.0,-9.4,1.8,0.8,-1.0,0.6478777285436558,0.5094338570095427,-0.13844387153411308,0.3521222714563442,0.29056614299045713,-0.061556128465887094,1.0,1.0,0.0,True
B14CORE11GE,CORE Boys 14 Platinum,CORE1,14,1,8,2026-02-06,2026-02-08,1.0,0.8,-0.19999999999999996,21.4,13.2,-8.2,2.0,1.2,-0.8,0.7443326456725782,0.6180457556984382,-0.12628688997413995,0.25566735432742194,0.18195424430156176,-0.07371311002586017,,1.0,,True
B14LIFRY1GE,LI Fury 14 1,LIFRY,14,1,7,2026-02-06,2026-02-08,0.2,0.2,0.0,-16.4,-10.2,6.199999999999999,-1.2,-1.0,0.19999999999999996,0.35849697500860345,0.43835593374077186,0.07985895873216842,-0.15849697500860346,-0.23835593374077185,-0.07985895873216839,0.3333333333333333,0.25,-0.08333333333333331,True
B17MVPVA1NE,MVP BOS 17 Black,MVPVA,17,1,18,2025-11-22,2026-02-08,0.6,0.4,-0.19999999999999996,2.0,-4.2,-6.2,0.2,-0.4,-0.6000000000000001,0.5496369426245454,0.4309961356514016,-0.11864080697314383,0.050363057375454635,-0.03099613565140158,-0.08135919302685621,0.5,0.6666666666666666,0.16666666666666663,True
B17PVJVB1NE,PV Boys 17 1,PVJVB,17,1,17,2025-12-20,2026-02-01,0.6,0.4,-0.19999999999999996,2.0,-1.2,-3.2,0.2,-0.2,-0.4,0.5641878931666694,0.4489693579498204,-0.115218535216849,0.0358121068333306,-0.04896935794982042,-0.08478146478315102,0.5,1.0,0.5,True
B16SPTMC4GE,Sportime 16 4,SPTMC,16,4,7,2026-02-06,2026-02-08,0.2,0.2,0.0,-10.0,-6.0,4.0,-1.2,-1.0,0.19999999999999996,0.3271038276036074,0.4156976819404935,0.0885938543368861,-0.1271038276036074,-0.21569768194049352,-0.08859385433688613,,0.0,,True
B15DIGSV1GE,Digs Boys 15 Red,DIGSV,15,1,7,2026-02-06,2026-02-08,0.0,0.0,0.0,-16.6,-14.0,2.6000000000000014,-2.0,-1.8,0.19999999999999996,0.24153965783309572,0.33579304919942554,0.09425339136632982,-0.24153965783309572,-0.33579304919942554,-0.09425339136632982,0.0,0.0,0.0,True
B14SJJVB2NE,SMASH Boys 14's Thunder,SJJVB,14,2,16,2025-12-20,2026-03-15,0.4,0.2,-0.2,-8.6,-20.8,-12.200000000000001,-0.4,-1.2,-0.7999999999999999,0.3760115305298769,0.27085388642021807,-0.10515764410965883,0.02398846947012311,-0.07085388642021806,-0.09484235589034117,1.0,,,True
B16LHVBC2NE,LHV Boys 16-2 Hunters,LHVBC,16,2,17,2025-11-22,2026-02-01,0.4,0.4,0.0,-3.0,-3.4,-0.3999999999999999,-0.4,-0.4,0.0,0.5103168606821255,0.6067727949837401,0.0964559343016147,-0.11031686068212543,-0.20677279498374013,-0.0964559343016147,0.25,0.0,-0.25,True
B16SYRVB1XL,SVC 16 1 Boys,SYRVB,16,1,8,2026-01-17,2026-01-19,1.0,0.8,-0.19999999999999996,16.8,9.2,-7.600000000000001,1.8,1.0,-0.8,0.707822775005387,0.6132917199005967,-0.09453105510479032,0.29217722499461285,0.18670828009940324,-0.10546894489520961,1.0,0.5,-0.5,True
B17117902XX,Torrimar 17 2,11790,17,2,9,2026-02-06,2026-02-08,1.0,0.8,-0.19999999999999996,11.0,1.6,-9.4,2.0,0.8,-1.2,0.6604211246714465,0.5675380537739171,-0.09288307089752945,0.33957887532855346,0.23246194622608293,-0.10711692910247053,,1.0,,True
B15LIFRY1GE,LI Fury 15 1,LIFRY,15,1,7,2026-02-06,2026-02-08,0.8,0.6,-0.20000000000000007,5.4,0.6,-4.800000000000001,0.6,-0.2,-0.8,0.5890088072007358,0.4962052578747789,-0.09280354932595686,0.2109911927992642,0.10379474212522113,-0.10719645067404307,0.6666666666666666,0.6666666666666666,0.0,True
B15CORE12GE,CORE Boys 15 Titanium,CORE1,15,2,7,2026-02-06,2026-02-08,0.8,0.6,-0.20000000000000007,6.6,2.2,-4.3999999999999995,1.2,0.6,-0.6,0.5876437479638728,0.4959880082988774,-0.09165573966499535,0.2123562520361272,0.10401199170112263,-0.10834426033500458,1.0,0.6666666666666666,-0.33333333333333337,True
B18NEVBC1NE,NEVBC Boys 18.1,NEVBC,18,1,6,2026-01-31,2026-02-01,1.0,0.8,-0.19999999999999996,14.6,7.6,-7.0,2.0,1.4,-0.6000000000000001,0.6697967046237991,0.5894086431127427,-0.08038806151105649,0.33020329537620086,0.21059135688725733,-0.11961193848894353,1.0,1.0,0.0,True
B18HKJVB2NE,Husky 18.2,HKJVB,18,2,10,2026-01-31,2026-03-15,0.4,0.4,0.0,-8.2,-2.2,5.999999999999999,-0.8,-0.2,0.6000000000000001,0.37285050725143104,0.49792218830320517,0.12507168105177413,0.027149492748568992,-0.09792218830320526,-0.12507168105177424,0.3333333333333333,0.4,0.06666666666666671,True
B14117901XX,Torrimar 14 1,11790,14,1,7,2026-02-06,2026-02-08,1.0,0.8,-0.19999999999999996,28.6,20.2,-8.400000000000002,2.0,1.2,-0.8,0.7651613802670891,0.6915966357897678,-0.07356474447732131,0.23483861973291092,0.10840336421023222,-0.1264352555226787,,0.0,,True
B16DIGSV1GE,Digs Boys 16 Red,DIGSV,16,1,7,2026-02-06,2026-02-08,1.0,0.8,-0.19999999999999996,13.4,10.6,-2.8000000000000007,2.0,1.0,-1.0,0.687534252510075,0.6149088708384048,-0.07262538167167021,0.31246574748992506,0.18509112916159517,-0.12737461832832989,,0.0,,True
B18RRJVB2NE,Boston United Boys 18 Select 1,RRJVB,18,2,22,2025-11-22,2026-03-15,0.2,0.0,-0.2,-7.0,-19.6,-12.600000000000001,-1.2,-2.0,-0.8,0.4233492992831387,0.35098701380967473,-0.07236228547346396,-0.22334929928313868,-0.35098701380967473,-0.12763771452653605,0.5,,,True
B18SJJVB3NE,SMASH Boys 18's Surge,SJJVB,18,3,11,2025-12-20,2026-02-01,0.8,0.6,-0.20000000000000007,15.2,1.8,-13.399999999999999,1.2,0.2,-1.0,0.6620117797253787,0.5923378411216069,-0.0696739386037718,0.13798822027462132,0.007662158878393099,-0.1303260613962282,0.0,0.5,0.5,True
B18NESVC1NE,NE Storm 18 Thunder,NESVC,18,1,23,2025-11-22,2026-03-15,0.6,0.4,-0.19999999999999996,3.2,-0.6,-3.8000000000000003,0.6,-0.4,-1.0,0.5601510416008544,0.4919985856495831,-0.06815245595127128,0.039848958399145665,-0.09199858564958316,-0.13184754404872884,0.3333333333333333,0.4,0.06666666666666671,True
B18NEVBC2NE,NEVBC Boys 18.2,NEVBC,18,2,11,2026-01-31,2026-03-15,0.6,0.4,-0.19999999999999996,4.0,3.0,-1.0,0.4,-0.2,-0.6000000000000001,0.5561355733077574,0.4881818384595927,-0.06795373484816475,0.04386442669224253,-0.08818183845959268,-0.1320462651518352,0.3333333333333333,0.0,-0.3333333333333333,True
B18PVJVB3NE,PV Boys 18 3,PVJVB,18,3,17,2025-12-20,2026-02-01,0.4,0.4,0.0,-7.2,1.0,8.2,-0.6,0.0,0.6,0.49952903063197784,0.6342068574811668,0.13467782684918894,-0.09952903063197785,-0.23420685748116674,-0.1346778268491889,0.5,0.3333333333333333,-0.16666666666666669,True
B14SJJVB1NE,SMASH Boys 14-1,SJJVB,14,1,16,2025-12-20,2026-03-15,1.0,0.8,-0.19999999999999996,24.2,23.6,-0.5999999999999979,2.0,1.8,-0.19999999999999996,0.8058857913014948,0.7436629722675073,-0.06222281903398752,0.1941142086985051,0.05633702773249263,-0.13777718096601246,,0.0,,True
B16MCJVB1NE,Mill City 16's,MCJVB,16,1,20,2025-11-22,2026-03-15,1.0,0.8,-0.19999999999999996,15.4,3.6,-11.8,2.0,1.2,-0.8,0.6559278736295273,0.5963686663761381,-0.05955920725338926,0.3440721263704726,0.2036313336238619,-0.14044079274661067,,0.5,,True
B16RRJVB1NE,Boston United Boys 16 National 1,RRJVB,16,1,22,2025-11-22,2026-03-15,0.6,0.4,-0.19999999999999996,2.8,-3.8,-6.6,0.2,-0.2,-0.4,0.47451905957452734,0.41659972784533617,-0.05791933172919117,0.1254809404254726,-0.016599727845336164,-0.14208066827080876,0.5,1.0,0.5,True
B18LHVBC2NE,LHV Boys 18-2 Blitz,LHVBC,18,2,17,2025-11-22,2026-02-01,0.6,0.4,-0.19999999999999996,4.4,0.8,-3.6000000000000005,0.6,-0.2,-0.8,0.5031220022355829,0.4459600736208486,-0.05716192861473429,0.09687799776441715,-0.04596007362084853,-0.14283807138526566,0.6666666666666666,0.0,-0.6666666666666666,True
B15MCJVB1NE,Mill City 15's,MCJVB,15,1,20,2025-11-22,2026-03-15,0.8,0.6,-0.20000000000000007,15.8,5.6,-10.200000000000001,1.2,0.6,-0.6,0.6561009438457169,0.6010268509112444,-0.05507409293447252,0.143899056154283,-0.0010268509112445145,-0.14492590706552752,1.0,0.0,-1.0,True
B15CORE11GE,CORE Boys 15 Platinum,CORE1,15,1,8,2026-02-06,2026-02-08,0.8,0.6,-0.20000000000000007,9.6,7.4,-2.1999999999999993,0.8,0.6,-0.20000000000000007,0.6736192461994983,0.6221447340087092,-0.051474512190789135,0.12638075380050168,-0.02214473400870918,-0.14852548780921085,0.0,0.3333333333333333,0.3333333333333333,True
B17NYCIV1GE,NYC Impact 17U National,NYCIV,17,1,7,2026-02-06,2026-02-08,1.0,0.8,-0.19999999999999996,12.2,7.0,-5.199999999999999,1.8,0.8,-1.0,0.6794616968992532,0.6289985902032894,-0.050463106695963766,0.3205383031007468,0.17100140979671058,-0.14953689330403624,1.0,0.5,-0.5,True
B16LIFRY1GE,LI Fury 16 1,LIFRY,16,1,7,2026-02-06,2026-02-08,0.8,0.6,-0.20000000000000007,5.4,3.4,-2.0000000000000004,0.8,0.2,-0.6000000000000001,0.5668868170547499,0.5217348574596081,-0.04515195959514173,0.2331131829452501,0.07826514254039181,-0.15484804040485828,0.6666666666666666,0.5,-0.16666666666666663,True
B14117752XX,ValleyVBC Elite Boys,11775,14,2,22,2025-11-22,2026-03-15,0.8,0.6,-0.20000000000000007,8.4,-1.4,-9.8,1.2,0.2,-1.0,0.5929969248596382,0.5512318362028575,-0.041765088656780636,0.20700307514036184,0.04876816379714238,-0.15823491134321946,0.5,1.0,0.5,True
B16NYCIV2GE,NYC Impact 16U Travel,NYCIV,16,2,8,2026-02-06,2026-02-08,1.0,0.8,-0.19999999999999996,16.4,12.0,-4.399999999999999,2.0,1.2,-0.8,0.699141084638168,0.6603852142200679,-0.038755870418100136,0.30085891536183196,0.13961478577993208,-0.16124412958189988,1.0,0.5,-0.5,True
B18ROYAL1NO,Infinity Royals 18N,ROYAL,18,1,8,2026-02-06,2026-02-08,0.6,0.4,-0.19999999999999996,9.6,4.4,-5.199999999999999,0.8,0.2,-0.6000000000000001,0.6135774944036407,0.5750464655471468,-0.038531028856493954,-0.013577494403640667,-0.1750464655471468,-0.16146897114350614,0.3333333333333333,0.3333333333333333,0.0,True
B16MVPVA2NE,MVP BOS 16 Blue,MVPVA,16,2,17,2025-11-22,2026-02-08,0.2,0.0,-0.2,-3.6,-13.0,-9.4,-0.8,-1.8,-1.0,0.33998564870264725,0.3021244533572551,-0.03786119534539217,-0.13998564870264726,-0.3021244533572551,-0.1621388046546078,,,,True
B18RAPTO1GE,NYC Raptors 18 Black,RAPTO,18,1,7,2026-02-06,2026-02-08,0.4,0.2,-0.2,-1.2,-7.4,-6.2,-0.2,-1.0,-0.8,0.44796271497242335,0.41558037400701836,-0.03238234096540499,-0.047962714972423416,-0.21558037400701835,-0.16761765903459494,0.6666666666666666,0.5,-0.16666666666666663,True
B17MMVBC1NE,Mayhem 17 1,MMVBC,17,1,10,2025-11-22,2026-02-01,0.8,0.6,-0.20000000000000007,6.6,4.0,-2.5999999999999996,1.0,0.6,-0.4,0.5884308812775586,0.5745789719716317,-0.013851909305926946,0.2115691187224414,0.025421028028368254,-0.18614809069407315,,0.3333333333333333,,True
B14SPTMC2GE,Sportime 14 2,SPTMC,14,2,7,2026-02-06,2026-02-08,0.6,0.4,-0.19999999999999996,-5.2,-6.6,-1.3999999999999995,0.0,-0.6,-0.6,0.43804103654810317,0.42458720525560256,-0.013453831292500606,0.16195896345189686,-0.024587205255602484,-0.18654616870749935,1.0,0.5,-0.5,True
B16MVNER1NE,Meraki VB 16 1,MVNER,16,1,7,2026-01-17,2026-01-19,0.4,0.2,-0.2,-9.4,-13.0,-3.5999999999999996,-0.4,-1.2,-0.7999999999999999,0.3551239981619036,0.3417126660124751,-0.013411332149428523,0.04487600183809641,-0.14171266601247515,-0.18658866785057154,1.0,0.5,-0.5,True
B15LCVBC1GE,Legacy Boys 15 Premier,LCVBC,15,1,8,2026-02-06,2026-02-08,0.4,0.2,-0.2,-5.8,-8.0,-2.2,-0.2,-1.2,-1.0,0.403421627224407,0.3903514020997753,-0.013070225124631685,-0.0034216272244069314,-0.1903514020997753,-0.18692977487536838,1.0,,,True
B16NESVC2NE,NE Storm 16 Monsoon,NESVC,16,2,18,2025-11-22,2026-03-15,0.6,0.4,-0.19999999999999996,5.0,-2.0,-7.0,0.4,-0.4,-0.8,0.6034796261306177,0.593569360242122,-0.00991026588849564,-0.003479626130617719,-0.19356936024212207,-0.19008973411150434,0.5,0.0,-0.5,True
B18PVJVB1NE,PV Boys 18 1,PVJVB,18,1,10,2025-12-20,2026-02-01,0.6,0.4,-0.19999999999999996,6.2,-1.2,-7.4,0.4,-0.2,-0.6000000000000001,0.6401297226288556,0.6366745174950026,-0.003455205133853001,-0.04012972262885559,-0.2366745174950026,-0.196544794866147,0.0,0.5,0.5,True
B17SPTMC5GE,Sportime 17 Lynbrook,SPTMC,17,5,7,2026-02-06,2026-02-08,0.4,0.2,-0.2,-5.2,-7.6,-2.3999999999999995,-0.6,-1.2,-0.6,0.4148583808996193,0.4148583808996193,0.0,-0.014858380899619317,-0.2148583808996193,-0.19999999999999998,1.0,0.0,-1.0,True
B18DSTJN1GE,Downstate (N-B) 18 Cobras,DSTJN,18,1,7,2026-02-06,2026-02-08,0.6,0.4,-0.19999999999999996,-0.8,-3.4,-2.5999999999999996,0.2,-0.4,-0.6000000000000001,0.4455413855150339,0.44782872209245095,0.0022873365774170318,0.15445861448496606,-0.047828722092450926,-0.202287336577417,0.6666666666666666,0.6666666666666666,0.0,True
B17XTREM1GE,Xtreme 17 National Braulio,XTREM,17,1,8,2026-02-06,2026-02-08,0.4,0.2,-0.2,0.2,-3.4,-3.6,-0.6,-0.8,-0.20000000000000007,0.472948638491583,0.477194022517233,0.004245384025650001,-0.0729486384915829,-0.2771940225172329,-0.20424538402565,0.5,0.25,-0.25,True
B18NESVC3NE,NE Storm 18 Tornado,NESVC,18,3,18,2025-11-22,2026-03-15,0.6,0.4,-0.19999999999999996,-6.4,0.6,7.0,0.2,-0.2,-0.4,0.43711595412515847,0.4433338734162767,0.006217919291118257,0.16288404587484148,-0.04333387341627677,-0.20621791929111827,0.75,0.5,-0.25,True
B15NEVBC3NE,NEVBC Boys 15 Blue,NEVBC,15,3,10,2025-11-22,2026-03-15,0.2,0.0,-0.2,-11.6,-18.4,-6.799999999999999,-1.2,-1.6,-0.40000000000000013,0.27562845425732874,0.2836706862843269,0.008042232026998164,-0.07562845425732878,-0.2836706862843269,-0.20804223202699812,1.0,0.0,-1.0,True
B18CORE11GE,CORE Boys 18 Platinum,CORE1,18,1,7,2026-02-06,2026-02-08,0.6,0.4,-0.19999999999999996,7.0,4.0,-3.0,0.8,0.2,-0.6000000000000001,0.5721041169892948,0.5806444294194817,0.008540312430186936,0.02789588301070527,-0.18064442941948172,-0.208540312430187,0.3333333333333333,0.3333333333333333,0.0,True
B14CAPIT2XL,CSVC 14 SAWTEETH,CAPIT,14,2,19,2025-12-20,2026-03-15,0.2,0.0,-0.2,-15.8,-9.6,6.200000000000001,-1.2,-1.4,-0.19999999999999996,0.28436096679937284,0.2930144170675429,0.008653450268170049,-0.08436096679937286,-0.2930144170675429,-0.20865345026817003,,,,True
B16HKJVB1NE,Husky 16.1,HKJVB,16,1,12,2026-01-31,2026-03-15,0.8,0.6,-0.20000000000000007,3.6,1.2,-2.4000000000000004,0.8,0.0,-0.8,0.5257968190689215,0.5594503548283035,0.033653535759382014,0.2742031809310784,0.04054964517169648,-0.23365353575938194,0.8,0.3333333333333333,-0.46666666666666673,True
B18SJVBC2NE,South County Juniors Boys 18's Gold,SJVBC,18,2,18,2025-11-22,2026-03-15,1.0,0.6,-0.4,13.2,1.2,-12.0,1.6,0.2,-1.4000000000000001,0.6476981935902685,0.48457479248441554,-0.16312340110585294,0.3523018064097315,0.11542520751558447,-0.23687659889414706,,0.75,,True
B16LHVBC1NE,LHV Boys 16-1 Valiants,LHVBC,16,1,19,2025-11-22,2026-02-08,1.0,0.6,-0.4,16.2,0.0,-16.2,2.0,0.4,-1.6,0.6760811605166875,0.5165020138070843,-0.15957914670960327,0.32391883948331246,0.08349798619291574,-0.24042085329039672,1.0,0.5,-0.5,True
B17HKJVB4NE,Husky 17.4,HKJVB,17,4,10,2026-01-31,2026-03-15,0.6,0.4,-0.19999999999999996,0.2,-2.6,-2.8000000000000003,0.0,-0.4,-0.4,0.45743551948097877,0.5051451017327504,0.04770958225177163,0.14256448051902115,-0.10514510173275038,-0.24770958225177153,0.6666666666666666,0.3333333333333333,-0.3333333333333333,True
B17RRJVB3NE,Boston United Boys 17 Select 1,RRJVB,17,3,23,2025-11-22,2026-03-15,0.4,0.2,-0.2,-4.2,-8.6,-4.3999999999999995,-0.6,-1.0,-0.4,0.4191944354206889,0.4746331900471571,0.05543875462646819,-0.019194435420688945,-0.2746331900471571,-0.25543875462646815,0.0,0.0,0.0,True
B17CAPIT1XL,CSVC 17 BIG SLIDE,CAPIT,17,1,29,2025-12-20,2026-03-15,1.0,0.8,-0.19999999999999996,8.4,7.2,-1.2000000000000002,1.4,1.4,0.0,0.5741666523353439,0.6358250884730418,0.061658436137697836,0.4258333476646561,0.16417491152695823,-0.26165843613769785,1.0,0.0,-1.0,True
B16SJJVB2NE,SMASH Boys 16's Fire,SJJVB,16,2,16,2025-12-20,2026-03-15,0.8,0.6,-0.20000000000000007,8.2,8.0,-0.1999999999999993,1.0,0.6,-0.4,0.5293303882071269,0.5931643284531445,0.06383394024601763,0.2706696117928732,0.006835671546855581,-0.2638339402460176,0.75,0.0,-0.75,True
B16HKJVB2NE,Husky 16.2,HKJVB,16,2,10,2026-01-31,2026-03-15,0.6,0.4,-0.19999999999999996,0.6,0.6,0.0,0.2,0.0,-0.2,0.4282879202964347,0.49225417963385854,0.06396625933742384,0.17171207970356533,-0.09225417963385851,-0.26396625933742385,1.0,1.0,0.0,True
B17SPTMC4GE,Sportime 17 4,SPTMC,17,4,7,2026-02-06,2026-02-08,0.2,0.0,-0.2,-11.6,-14.0,-2.4000000000000004,-1.2,-1.6,-0.40000000000000013,0.27977009288292526,0.35089497923260576,0.0711248863496805,-0.0797700928829252,-0.35089497923260576,-0.27112488634968057,,0.0,,True
B16CORE12GE,CORE Boys 16 Titanium,CORE1,16,2,7,2026-02-06,2026-02-08,0.8,0.4,-0.4,15.2,2.4,-12.799999999999999,1.2,-0.4,-1.6,0.6464738007514167,0.5192108538724522,-0.12726294687896444,0.1535261992485833,-0.11921085387245231,-0.2727370531210356,1.0,0.6666666666666666,-0.33333333333333337,True
B15SJJVB1NE,SMASH Boys 15-1,SJJVB,15,1,18,2025-12-20,2026-03-15,1.0,0.8,-0.19999999999999996,9.6,13.2,3.5999999999999996,1.6,1.2,-0.40000000000000013,0.5977445912090472,0.7067724535526133,0.1090278623435661,0.4022554087909528,0.09322754644738669,-0.3090278623435661,1.0,0.5,-0.5,True
B18PINVA1GE,PVA Boys 18 National,PINVA,18,1,7,2026-02-06,2026-02-08,0.8,0.4,-0.4,6.0,-1.4,-7.4,1.0,-0.6,-1.6,0.583920316155649,0.500514022206338,-0.08340629394931098,0.216079683844351,-0.10051402220633802,-0.31659370605068904,0.5,0.0,-0.5,True
B15SJVBC1NE,South County Juniors Boys 15 1,SJVBC,15,1,15,2025-11-22,2026-03-15,0.6,0.2,-0.39999999999999997,1.0,-11.8,-12.8,0.4,-1.4,-1.7999999999999998,0.4466451980292816,0.3687104884015939,-0.07793470962768767,0.15335480197071844,-0.16871048840159394,-0.32206529037231235,0.5,,,True
B16NESVC1NE,NE Storm 16 Lightning,NESVC,16,1,22,2025-11-22,2026-03-15,0.6,0.2,-0.39999999999999997,0.6,-4.2,-4.8,0.4,-1.0,-1.4,0.5036841390496937,0.4413067916808523,-0.062377347368841374,0.09631586095030634,-0.2413067916808523,-0.33762265263115865,0.6666666666666666,0.5,-0.16666666666666663,True
B13SJJVB1NE,SMASH Boys 13-1,SJJVB,13,1,16,2025-12-20,2026-03-15,0.8,0.4,-0.4,9.8,-3.2,-13.0,1.2,-0.4,-1.6,0.5609200179773985,0.5055315280875823,-0.05538848988981626,0.23907998202260144,-0.10553152808758223,-0.34461151011018365,1.0,0.0,-1.0,True
B18NYCIV2GE,NYC Impact 18 Travel,NYCIV,18,2,7,2026-02-06,2026-02-08,0.8,0.4,-0.4,6.4,-2.8,-9.2,0.8,-0.2,-1.0,0.5415535120853605,0.5296088119103788,-0.011944700174981726,0.25844648791463953,-0.1296088119103787,-0.38805529982501824,0.75,0.25,-0.5,True
B17LHVBC2NE,LHV Boys 17-2 Boom,LHVBC,17,2,17,2025-11-22,2026-02-01,0.4,0.0,-0.4,-4.2,-15.6,-11.399999999999999,-0.6,-1.6,-1.0,0.3713169376021873,0.3734419575066942,0.002125019904506864,0.028683062397812743,-0.3734419575066942,-0.40212501990450694,1.0,0.0,-1.0,True
B17MVNER1NE,Meraki VB 17 1,MVNER,17,1,17,2025-11-22,2026-03-15,0.6,0.2,-0.39999999999999997,-2.2,-7.4,-5.2,0.0,-1.0,-1.0,0.44862625137766693,0.45795405315877663,0.009327801781109701,0.15137374862233308,-0.2579540531587766,-0.4093278017811097,0.75,0.3333333333333333,-0.4166666666666667,True
B14TACCU1GE,Accuracy 14 Champ,TACCU,14,1,13,2025-11-22,2026-02-08,1.0,0.6,-0.4,21.0,6.6,-14.4,2.0,0.4,-1.6,0.5869040709820577,0.6258035563535382,0.03889948537148058,0.41309592901794245,-0.025803556353538214,-0.43889948537148066,1.0,0.0,-1.0,True
B17LHVBC1NE,LHV Boys 17-1 Ubuntu,LHVBC,17,1,11,2025-11-22,2026-02-01,1.0,0.2,-0.8,18.6,-12.2,-30.8,1.8,-1.0,-2.8,0.72032692731709,0.3687940665378786,-0.3515328607792114,0.27967307268291003,-0.16879406653787865,-0.4484671392207887,,0.5,,True
B17CAMYV1NE,CYVB 17 1,CAMYV,17,1,13,2025-11-22,2026-01-19,0.8,0.2,-0.6000000000000001,5.6,-10.0,-15.6,1.4,-1.4,-2.8,0.5545506636502392,0.4043360147020126,-0.15021464894822661,0.2454493363497608,-0.20433601470201257,-0.44978535105177336,1.0,0.0,-1.0,True
B18MCJVB1NE,Mill City 18's,MCJVB,18,1,20,2025-11-22,2026-03-15,0.4,0.0,-0.4,-1.4,-8.0,-6.6,-0.2,-1.8,-1.6,0.5255109772735256,0.5846977204275141,0.05918674315398853,-0.1255109772735256,-0.5846977204275141,-0.45918674315398855,0.3333333333333333,0.0,-0.3333333333333333,True
B16NEVBC2NE,NEVBC Boys 16.2,NEVBC,16,2,11,2026-01-31,2026-03-15,1.0,0.4,-0.6,18.6,-6.2,-24.8,1.8,-0.6,-2.4,0.6264149249640403,0.49445397485639464,-0.13196095010764564,0.3735850750359598,-0.09445397485639465,-0.46803904989235445,1.0,0.5,-0.5,True
B18VTVBC1NE,VTV 18 1,VTVBC,18,1,13,2026-01-17,2026-03-15,1.0,0.4,-0.6,12.2,-0.6,-12.799999999999999,1.6,-0.2,-1.8,0.5665845336157549,0.4454039046723005,-0.12118062894345438,0.4334154663842451,-0.04540390467230049,-0.4788193710565456,1.0,0.0,-1.0,True
B17NYCVA1GE,NYC VBA 17 Downtown,NYCVA,17,1,14,2026-01-31,2026-02-08,0.8,0.0,-0.8,10.8,-13.4,-24.200000000000003,1.2,-1.8,-3.0,0.6031293689089278,0.3684302056069312,-0.23469916330199658,0.19687063109107222,-0.3684302056069312,-0.5653008366980035,0.0,0.0,0.0,True
B17NESVC1NE,NE Storm 17 Tsunami,NESVC,17,1,26,2025-11-22,2026-03-15,1.0,0.4,-0.6,5.0,-1.4,-6.4,1.4,0.0,-1.4,0.5238988701502425,0.49366935600523726,-0.030229514145005243,0.4761011298497575,-0.09366935600523721,-0.5697704858549947,1.0,0.5,-0.5,True
B16NEVBC4NE,NEVBC Boys 16 Orange,NEVBC,16,4,10,2025-11-22,2026-03-15,0.6,0.0,-0.6,0.6,-13.8,-14.4,0.4,-2.0,-2.4,0.34883840617319395,0.33889508672691804,-0.009943319446275911,0.25116159382680603,-0.33889508672691804,-0.5900566805537241,1.0,0.0,-1.0,True
