team_code,team_name,club,age,gender,matches_played,checkpoint_count,rolling_start_rating,rolling_end_rating,rolling_rating_delta,rolling_trend_slope,pct_up_steps,pct_down_steps,pct_flat_steps,net_step_movement,expanding_start_rating,expanding_end_rating,expanding_rating_delta,expanding_trend_slope,expanding_pct_up_steps,expanding_pct_down_steps,expanding_pct_flat_steps,expanding_net_step_movement,massey_start_rating,massey_end_rating,massey_rating_delta,massey_rating_slope,massey_trend_raw,massey_trend_z
B18MMVBC1NE,Mayhem 18 1,MMVBC,18,B,10,6,-6.951864035087726,10.71115477311786,17.663018808205585,3.6676522083207,1.0,0.0,0.0,17.663018808205585,-6.951864035087726,1.8796453690150678,8.831509404102794,1.7444058295569498,1.0,0.0,0.0,8.831509404102794,-5.999999999999992,11.139690426634688,17.13969042663468,2.9524659409377056,3.6676522083207,1.3567342257030934
B18PWRSP1SU,PSA Power 18,PWRSP,18,B,8,4,8.03992548947285,18.71469380886906,10.674768319396211,3.622286001522441,1.0,0.0,0.0,10.674768319396211,8.03992548947285,12.335841136768703,4.295915647295853,1.433795286501385,1.0,0.0,0.0,4.295915647295853,1.9999999999953622,20.173920447569426,18.173920447574062,3.29343364018742,3.622286001522441,1.3405519908177237
B18MVNER1NE,Meraki VB 18 1,MVNER,18,B,10,6,-0.46381578947368957,17.00234205039515,17.46615783986884,3.402601951056741,1.0,0.0,0.0,17.466157839868842,-0.46381578947368957,8.26926313046073,8.733078919934421,1.6994285203732828,1.0,0.0,0.0,8.733078919934421,-8.000000000000005,16.125152493995174,24.12515249399518,2.7711418247668296,3.402601951056741,1.2621901625737593
B17SJJVB2NE,SMASH Boys 17 Chaos,SJJVB,17,B,11,7,-1.1085397179218566,17.41317944078264,18.521719158704496,3.265028518099044,0.8333333333333334,0.16666666666666666,0.0,18.521719158704496,-1.1085397179218566,9.314983159581246,10.423522877503103,1.6394460380573168,1.0,0.0,0.0,10.423522877503103,-3.2750000000002446,17.36505716174334,20.640057161743584,2.616376552532955,3.265028518099044,1.2131173887355564
B18DIGSV1GE,Digs Boys 18 Red,DIGSV,18,B,7,3,6.635731089950606,13.094509016057003,6.458777926106397,3.2293889630531987,1.0,0.0,0.0,6.458777926106397,6.635731089950606,8.915889907938,2.2801588179873944,1.1400794089936972,1.0,0.0,0.0,2.2801588179873944,-2.000000000004436,14.812759828859557,16.812759828863992,3.1202179278392514,3.2293889630531987,1.200404673883142
B18NYCIV1GE,NYC Impact 18 National,NYCIV,18,B,8,4,7.354931875344374,16.638992683471265,9.284060808126892,3.0827910318976395,1.0,0.0,0.0,9.284060808126892,7.354931875344374,11.086870427169842,3.7319385518254675,1.2367508726904979,1.0,0.0,0.0,3.7319385518254675,2.000000000005758,18.005596106525548,16.00559610651979,2.7789518418300916,3.0827910318976395,1.148112839870704
B18SJJVB2NE,SMASH Boys 18's Force,SJJVB,18,B,10,6,0.544452200020608,15.986852333890221,15.442400133869613,3.0288029562485135,1.0,0.0,0.0,15.442400133869613,0.544452200020608,8.265652266955414,7.721200066934806,1.490856866421761,1.0,0.0,0.0,7.721200066934806,-0.9999999999999822,16.123270905857684,17.123270905857666,2.3488758804943295,3.0288029562485135,1.128855163665851
B15ALLIN1FL,AVA 15 Boys,ALLIN,15,B,8,4,-11.848929315894006,-3.163485426946528,8.685443888947479,2.91518066051526,1.0,0.0,0.0,8.685443888947479,-11.848929315894006,-7.927976524131939,3.9209527917620672,1.2953225115133968,1.0,0.0,0.0,3.9209527917620672,-19.37395098547671,-2.474617422352151,16.89933356312456,2.7194410145744756,2.91518066051526,1.0883258179802648
B14COQUI1PU,BORINQUEN COQUI 14M Pirito,COQUI,14,B,8,4,17.432045369609337,24.631578548321137,7.1995331787118,2.5195319885489016,1.0,0.0,0.0,7.1995331787118,17.432045369609337,20.738487813814196,3.3064424442048583,1.1079204258053483,1.0,0.0,0.0,3.3064424442048583,14.499999999999968,27.39991321398093,12.899913213980962,2.3218648219193048,2.5195319885489016,0.9471969867708222
B14ROCVC1GE,Rockland VBC 14 1,ROCVC,14,B,7,3,-19.99315766987359,-14.99186083038885,5.0012968394847395,2.5006484197423697,1.0,0.0,0.0,5.0012968394847395,-19.99315766987359,-18.581681657048485,1.411476012825105,0.7057380064125525,1.0,0.0,0.0,1.411476012825105,-27.87498286705086,-15.94564748195004,11.92933538510082,2.2021416167272743,2.5006484197423697,0.9404611724396785
B17NEVBC1NE,NEVBC Boys 17.1,NEVBC,17,B,10,6,3.1794665043734165,15.533919112287759,12.354452607914343,2.4178546135122314,1.0,0.0,0.0,12.354452607914341,3.1794665043734165,9.356692808330589,6.177226303957172,1.1929102515565595,1.0,0.0,0.0,6.177226303957172,1.0000000000000056,13.627523986559961,12.627523986559956,1.80007894923428,2.4178546135122314,0.9109284229764527
B18DSTJN1GE,Downstate (N-B) 18 Cobras,DSTJN,18,B,7,3,2.2214430478561153,7.0225290115977215,4.801085963741606,2.400542981870803,1.0,0.0,0.0,4.801085963741606,2.2214430478561153,3.9446635797128806,1.7232205318567653,0.8616102659283826,1.0,0.0,0.0,1.7232205318567653,-1.9999999999943503,7.568125665465217,9.568125665459569,2.526719804884095,2.400542981870803,0.9047533224061899
B18SPTMC2GE,Sportime 18 2,SPTMC,18,B,8,4,-4.381546492492296,2.4972337141685053,6.878780206660801,2.294465822483545,1.0,0.0,0.0,6.878780206660801,-4.381546492492296,-1.6195561471973654,2.7619903452949304,0.927784929676525,1.0,0.0,0.0,2.7619903452949304,-6.069986298996915,4.340531682546282,10.410517981543197,2.0043338322281685,2.294465822483545,0.8669153449704552
B18LEGIO1XL,TeamLVC Boys 18 Black,LEGIO,18,B,17,13,0.2713254250278899,19.13209830660015,18.86077288157226,1.867999811901367,0.5833333333333334,0.4166666666666667,0.0,18.86077288157226,0.2713254250278899,12.297964701574559,12.02663927654667,1.1066585767247512,1.0,0.0,0.0,12.02663927654667,-4.33333333333332,18.913466180718217,23.24679951405154,1.6375662056400526,1.867999811901367,0.7147938950869226
B18PVJVB1NE,PV Boys 18 1,PVJVB,18,B,10,6,11.033405323929866,20.457630672763152,9.424225348833286,1.8545011473186734,1.0,0.0,0.0,9.424225348833286,11.033405323929866,15.74551799834651,4.712112674416645,0.9000177629102857,1.0,0.0,0.0,4.712112674416645,13.361111111111246,20.50603381647065,7.144922705359406,1.219662730601825,1.8545011473186734,0.7099788890211224
B14SPTMC2GE,Sportime 14 2,SPTMC,14,B,7,3,-10.428061308995211,-6.829262405988272,3.598798903006939,1.7993994515034695,1.0,0.0,0.0,3.598798903006939,-10.428061308995211,-9.252390852795363,1.175670456199848,0.587835228099924,1.0,0.0,0.0,1.175670456199848,-14.00000000000003,-6.329222908658355,7.670777091341675,1.7307465939649938,1.7993994515034695,0.6903239818293218
B18CORE11GE,CORE Boys 18 Platinum,CORE1,18,B,7,3,11.9804020394885,15.556333207776913,3.575931168288413,1.7879655841442066,1.0,0.0,0.0,3.575931168288413,11.9804020394885,13.75452371984042,1.7741216803519215,0.8870608401759608,1.0,0.0,0.0,1.7741216803519215,7.50000000000243,17.15574416500833,9.655744165005899,1.917716377287556,1.7879655841442066,0.6862454938905229
B161130588XX,NY Strangers 16,113058,16,B,8,4,7.992098043681901,13.293686345979216,5.301588302297315,1.7733477561877755,1.0,0.0,0.0,5.301588302297315,7.992098043681901,10.027303966236966,2.0352059225550647,0.6724506552254692,1.0,0.0,0.0,2.0352059225550647,4.999999999999816,14.206817758150642,9.206817758150827,1.6218265495006425,1.7733477561877755,0.6810312795622937
B14LCVBC1GE,Legacy Boys 14 Premier,LCVBC,14,B,8,4,-21.924790769828444,-16.94063441635271,4.984156353475733,1.7073553073356986,1.0,0.0,0.0,4.984156353475733,-21.924790769828444,-19.704904585937534,2.2198861838909103,0.7452274931958506,1.0,0.0,0.0,2.2198861838909103,-25.612147857529713,-13.994321590656483,11.61782626687323,1.7261463954295393,1.7073553073356986,0.6574916146144623
B18LCVBC5GE,Legacy Boys 18 Premier Billy,LCVBC,18,B,7,3,-15.16166503016068,-11.975382698983363,3.186282331177317,1.5931411655886585,1.0,0.0,0.0,3.186282331177317,-15.16166503016068,-13.893758045957906,1.2679069842027744,0.6339534921013872,1.0,0.0,0.0,1.2679069842027744,-20.671762150385455,-12.344485844389308,8.327276305996147,1.5298132369134636,1.5931411655886585,0.6167511560347859
B17HKJVB2NE,Husky 17.2,HKJVB,17,B,10,6,-6.157434318776179,0.8407824405242021,6.998216759300381,1.5833696535093742,1.0,0.0,0.0,6.998216759300381,-6.157434318776179,-2.658325939125988,3.499108379650191,0.6819391490350839,1.0,0.0,0.0,3.499108379650191,-1.692573146128687,0.46462296843941475,2.1571961145681016,1.1032520783970565,1.5833696535093742,0.61326563421553
B18PVJVB2NE,PV Boys 18 2,PVJVB,18,B,19,15,-9.837077740044725,10.164451920150379,20.001529660195104,1.4674712518390063,1.0,0.0,0.0,20.001529660195104,-9.837077740044725,2.049546613087121,11.886624353131847,0.8207136631259367,1.0,0.0,0.0,11.88662435313185,-11.50000000000001,10.82118512411505,22.32118512411506,1.3682509759484973,1.4674712518390063,0.571924396077437
B16LIFRY1GE,LI Fury 16 1,LIFRY,16,B,7,3,-1.2693717742031523,1.583693385036534,2.8530651592396863,1.4265325796198431,1.0,0.0,0.0,2.8530651592396863,-1.2693717742031523,-0.1715141289062258,1.0978576452969264,0.5489288226484632,1.0,0.0,0.0,1.0978576452969264,-5.562709039859877,2.0746280365847243,7.637337076444601,1.5037715303394772,1.4265325796198431,0.5573214734065673
B16SPTMC6GE,Sportime 16 Lynbrook,SPTMC,16,B,8,4,-0.31223207873386477,3.6678774676461026,3.980109546379967,1.2994773026371647,1.0,0.0,0.0,3.9801095463799676,-0.31223207873386477,0.9799234172787812,1.292155496012646,0.43872592010737976,1.0,0.0,0.0,1.2921554960126458,-5.000000000000148,2.887127732626154,7.887127732626302,1.186955582846497,1.2994773026371647,0.5120005510578577
B16SYRVB1XL,SVC 16 1 Boys,SYRVB,16,B,8,4,8.97381389629459,12.671484863712063,3.697670967417473,1.2197068094876398,1.0,0.0,0.0,3.697670967417473,8.97381389629459,10.623163790631375,1.649349894336785,0.5438078999317609,1.0,0.0,0.0,1.649349894336785,3.9864537796983863,11.883363626861033,7.896909847162647,1.1904364758077537,1.2197068094876398,0.48354622462920605
B18MCJVB1NE,Mill City 18's,MCJVB,18,B,20,16,-1.2476973684210164,10.094388349636048,11.342085718057065,1.210808396268269,0.4666666666666667,0.5333333333333333,0.0,11.342085718057065,-1.2476973684210164,4.679251763190401,5.926949131611417,0.5138249809114014,0.6666666666666666,0.3333333333333333,0.0,5.926949131611417,6.000000000000006,8.973883018820857,2.9738830188208505,0.885861363245227,1.210808396268269,0.48037213926951794
B16SJJVB1NE,SMASH Boys 16-1,SJJVB,16,B,11,7,11.43087096774194,18.597053702439638,7.166182734697697,1.2020733680421356,1.0,0.0,0.0,7.166182734697697,11.43087096774194,14.995446525259682,3.564575557517742,0.609612740327471,1.0,0.0,0.0,3.564575557517742,7.500000000000028,19.684669415357956,12.184669415357927,1.1295873428194327,1.2020733680421356,0.47725633372919124
B18SJJVB1NE,SMASH Boys 18-1,SJJVB,18,B,6,2,29.75514788860291,30.935898013107412,1.1807501245045025,1.1807501245045025,1.0,0.0,0.0,1.1807501245045025,29.75514788860291,30.350697030221664,0.5955491416187542,0.5955491416187542,1.0,0.0,0.0,0.5955491416187542,27.424692115792904,33.32844273831543,5.9037506225225265,1.311446206896096,1.1807501245045025,0.46965028156401084
B18SLCTD1SC,Selected 18s - Bubba,SLCTD,18,B,7,3,-2.9532764044131667,-0.6218258883597845,2.3314505160533825,1.1657252580266912,1.0,0.0,0.0,2.3314505160533825,-2.9532764044131667,-1.8061884030411075,1.1470880013720592,0.5735440006860296,1.0,0.0,0.0,1.1470880013720592,-4.152103047945043,-0.4547713244153284,3.6973317235297145,0.9423158987968379,1.1657252580266912,0.46429087561794025
B17SJJVB3NE,SMASH Boys 17's Shock,SJJVB,17,B,10,6,0.8353333333333296,5.996507544547219,5.16117421121389,1.0891987232944023,0.8,0.2,0.0,5.16117421121389,0.8353333333333296,3.4159204389402746,2.580587105606945,0.5295434441954866,1.0,0.0,0.0,2.580587105606945,5.999999999999998,8.323741964728319,2.3237419647283204,0.7192371930391325,1.0891987232944023,0.43699367694518676
B16ALLIN1FL,AVA 16 Boys,ALLIN,16,B,8,4,-8.754236248203599,-5.486746153261632,3.2674900949419667,1.0836772080298733,1.0,0.0,0.0,3.2674900949419667,-8.754236248203599,-7.929216345788531,0.8250199024150673,0.2707357202171365,1.0,0.0,0.0,0.8250199024150673,-13.000000000000005,-5.877798820958235,7.12220117904177,1.0380929003106376,1.0836772080298733,0.4350241391936375
B18VENGE1OV,18 - Lusher,VENGE,18,B,9,5,13.522885838874709,17.29125175520258,3.7683659163278715,1.0161057997786505,1.0,0.0,0.0,3.7683659163278715,13.522885838874709,15.124338215653488,1.601452376778779,0.38539565474748283,1.0,0.0,0.0,1.601452376778779,13.16534044668043,18.360260212950934,5.194919766270504,0.930218038510185,1.0161057997786505,0.41092125563718257
B14NEVBC1NE,NEVBC Boys 14.1,NEVBC,14,B,12,8,8.397011402101182,15.818976234060196,7.421964831959015,0.9958152984618526,1.0,0.0,0.0,7.421964831959015,8.397011402101182,12.480548212097574,4.083536809996392,0.5668406033360993,1.0,0.0,0.0,4.083536809996392,2.4301416531891062,16.761638931578524,14.331497278389417,1.139161678273817,0.9958152984618526,0.40368358510170094
B17HKJVB3NE,Husky 17.3,HKJVB,17,B,12,8,-11.870240178431308,-4.369765681070186,7.500474497361122,0.9869535137867768,1.0,0.0,0.0,7.500474497361122,-11.870240178431308,-7.917918870659588,3.9523213077717196,0.5745003417559822,1.0,0.0,0.0,3.9523213077717196,-22.567810029058553,-4.988408506726767,17.579401522331786,1.131998697658409,0.9869535137867768,0.40052256523170493
B18LCVBC1GE,Legacy Boys 18 National,LCVBC,18,B,8,4,11.162413105591039,14.03468225573852,2.8722691501474813,0.9599945786222209,1.0,0.0,0.0,2.8722691501474813,11.162413105591039,12.281405951005343,1.1189928454143043,0.39167886309608396,1.0,0.0,0.0,1.1189928454143043,4.03405163289966,14.311981373030472,10.277929740130812,1.125230402459159,0.9599945786222209,0.39090624833238163
B16NEVBC1NE,NEVBC Boys 16.1,NEVBC,16,B,10,6,3.1135222070867776,8.331290957741063,5.217768750654285,0.936874285415151,0.8,0.2,0.0,5.217768750654285,3.1135222070867776,5.722406582413919,2.6088843753271416,0.4713540965101373,1.0,0.0,0.0,2.6088843753271416,-7.500000000000011,6.58287503653,14.08287503653001,0.9902062084587063,0.936874285415151,0.38265918423554873
B14CORE11GE,CORE Boys 14 Platinum,CORE1,14,B,8,4,10.238403491883739,12.61709792645301,2.3786944345692707,0.8623992525290847,0.6666666666666666,0.3333333333333333,0.0,2.3786944345692707,10.238403491883739,11.434064168270265,1.1956606763865256,0.41557288094907213,1.0,0.0,0.0,1.1956606763865256,14.000000000000066,13.649439707319468,-0.35056029268059774,0.5940985811763194,0.8623992525290847,0.3560937611968255
B18UNVBC1NE,Unity 18 Boys National Vikings,UNVBC,18,B,12,8,-4.327123902327291,2.2739646025036153,6.601088504830907,0.8395832333492592,0.8571428571428571,0.14285714285714285,0.0,6.601088504830907,-4.327123902327291,-0.5642619345222742,3.762861967805017,0.4813739016246333,1.0,0.0,0.0,3.7628619678050175,-7.4999999999976845,4.091116310333253,11.591116310330937,1.0760207085073101,0.8395832333492592,0.34795523237604686
B17SJJVB1NE,SMASH Boys 17-1,SJJVB,17,B,6,2,22.810667241423285,23.622444004211907,0.8117767627886217,0.8117767627886217,1.0,0.0,0.0,0.8117767627886217,22.810667241423285,23.36869244523091,0.5580252038076239,0.5580252038076239,1.0,0.0,0.0,0.5580252038076239,22.09993465032593,26.158818464269043,4.058883813943112,1.0895383714972524,0.8117767627886217,0.33803659756608034
B17CORE11GE,CORE Boys 17 Platinum,CORE1,17,B,7,3,12.626317432119341,14.222185518627196,1.5958680865078545,0.7979340432539272,1.0,0.0,0.0,1.5958680865078545,12.626317432119341,13.112911157834821,0.48659372571547976,0.24329686285773988,1.0,0.0,0.0,0.48659372571547976,7.905957650868205,14.35304802642106,6.447090375552856,0.8583288249297938,0.7979340432539272,0.33309886627285445
B18NYCVA1GE,NYC VBA 18 Riverside,NYCVA,18,B,12,8,6.49369834542689,11.771898559450912,5.2782002140240225,0.7422947538591032,1.0,0.0,0.0,5.2782002140240225,6.49369834542689,9.26521449999229,2.7715161545653997,0.3857433341770256,1.0,0.0,0.0,2.7715161545653997,5.139188375790213,12.737982639508974,7.598794263718761,0.7874128421374995,0.7422947538591032,0.3132521981604865
B18LCVBC2GE,Legacy Boys 18 Premier Anthony,LCVBC,18,B,8,4,-3.5681930653557714,-1.3600744153595767,2.2081186499961944,0.727230856218644,1.0,0.0,0.0,2.2081186499961944,-3.5681930653557714,-2.644168735261967,0.9240243300938045,0.3127434500018746,1.0,0.0,0.0,0.9240243300938045,-4.500000000000797,-0.09841086373628549,4.401589136264511,0.6730512284837635,0.727230856218644,0.3078788697049889
B18PVJVB3NE,PV Boys 18 3,PVJVB,18,B,17,13,-9.499893939393854,-0.1854967721941015,9.314397167199752,0.7185873906558232,1.0,0.0,0.0,9.314397167199754,-9.499893939393854,-4.498050612007686,5.001843327386167,0.4336421346781504,1.0,0.0,0.0,5.001843327386167,-14.499999999999952,-0.48606191269498566,14.013938087304966,0.8100866176231922,0.7185873906558232,0.3047957247864999
B18SAVBC1XL,Sporting Albany Boys 18u,SAVBC,18,B,18,14,-14.767912457912512,-5.559837654351449,9.208074803561063,0.6998608155398532,0.6153846153846154,0.38461538461538464,0.0,9.208074803561065,-14.767912457912512,-8.112879274748245,6.655033183164267,0.5029132125300172,1.0,0.0,0.0,6.655033183164267,-17.403703703703997,-5.634527863174377,11.76917584052962,0.6832110087901575,0.6998608155398532,0.2981159104817083
B18CAPIT1XL,CSVC 18 HAYSTACK,CAPIT,18,B,28,24,-4.979004692018393,11.307539771565564,16.286544463583958,0.6877590005980805,0.5652173913043478,0.43478260869565216,0.0,16.286544463583958,-4.979004692018393,8.00032954940353,12.979334241421922,0.5634805849110623,1.0,0.0,0.0,12.97933424142192,-4.666666666666627,11.256857788097543,15.92352445476417,0.6713739935614049,0.6877590005980805,0.29379916403654255
B18LHVBC1NE,LHV Boys 18-1 Rafiki,LHVBC,18,B,22,18,-1.352850877193001,12.74645449066397,14.09930536785697,0.6546085681662647,0.7058823529411765,0.29411764705882354,0.0,14.09930536785697,-1.352850877193001,9.405223041032912,10.758073918225913,0.5486611463273833,1.0,0.0,0.0,10.75807391822591,-2.9999999999999987,12.849519537325655,15.849519537325653,0.7204244454753719,0.6546085681662647,0.2819743251967256
B14RRJVB1NE,Boston United Boys 14-1,RRJVB,14,B,24,20,-10.016666666666662,1.231653333520496,11.248320000187158,0.6066438151187108,1.0,0.0,0.0,11.248320000187157,-10.016666666666662,-3.992132161713597,6.024534504953065,0.31741819478557953,1.0,0.0,0.0,6.024534504953065,-9.799999999999967,2.0636136291472615,11.863613629147228,0.5895631803585465,0.6066438151187108,0.26486518262534253
B17BVJVB1NE,Blast 17 Ignite,BVJVB,17,B,22,18,-6.899342105263169,4.042136176175048,10.941478281438217,0.5982228912621187,0.7058823529411765,0.29411764705882354,0.0,10.941478281438215,-6.899342105263169,0.3732344426307959,7.272576547893965,0.3820855031493757,1.0,0.0,0.0,7.272576547893964,-5.0,4.017104508104157,9.017104508104158,0.5925396079882059,0.5982228912621187,0.2618614188677692
B18MVPVA1NE,MVP BOS 18 Black,MVPVA,18,B,19,15,3.7458333333333327,13.294710893447256,9.548877560113922,0.5566202292603961,0.6428571428571429,0.35714285714285715,0.0,9.548877560113924,3.7458333333333327,10.941037170533514,7.195203837200181,0.435160225898793,1.0,0.0,0.0,7.195203837200181,2.9999999999999982,13.721205161038966,10.721205161038968,0.5911107738006836,0.5566202292603961,0.2470216494472773
B18SJVBC1NE,South County Juniors Boys 18's Blue,SJVBC,18,B,18,14,11.195833333333294,21.006006726644653,9.81017339331136,0.5366036857522948,0.46153846153846156,0.5384615384615384,0.0,9.81017339331136,11.195833333333294,19.089086933827918,7.893253600494624,0.48453029690655114,1.0,0.0,0.0,7.893253600494624,7.999999999999989,21.77969592731073,13.77969592731074,0.6195784925133534,0.5366036857522948,0.23988170031990727
B17CAPIT1XL,CSVC 17 BIG SLIDE,CAPIT,17,B,29,25,10.422038024115135,21.324428094770425,10.90239007065529,0.5337699564187057,0.5416666666666666,0.4583333333333333,0.0,10.90239007065529,10.422038024115135,19.04987459062467,8.627836566509533,0.3910943025945592,0.9583333333333334,0.041666666666666664,0.0,8.627836566509533,11.5,20.360554283085563,8.860554283085563,0.4809759628678568,0.5337699564187057,0.23887090226307134
B17PVJVB2NE,PV Boys 17 2,PVJVB,17,B,19,15,-13.937546497689373,-8.514442758722435,5.4231037389669385,0.5244457902802278,0.7857142857142857,0.21428571428571427,0.0,5.4231037389669385,-13.937546497689373,-11.36848242541253,2.569064072276843,0.22213416136908218,0.8571428571428571,0.14285714285714285,0.0,2.569064072276843,-12.113790815898424,-7.844800883553889,4.268989932344535,0.400212171114496,0.5244457902802278,0.2355449498149409
B17RRJVB1NE,Boston United Boys 17 National 1,RRJVB,17,B,23,19,2.3341666666666643,8.876939519507607,6.542772852840942,0.5035771067894163,0.8333333333333334,0.16666666666666666,0.0,6.542772852840942,2.3341666666666643,5.020927959946983,2.6867612932803184,0.18538950129111378,0.7222222222222222,0.2777777777777778,0.0,2.6867612932803184,6.999999999999998,9.199256903706875,2.1992569037068765,0.40112437603352796,0.5035771067894163,0.22810104030982203
B18SJJVB3NE,SMASH Boys 18's Surge,SJJVB,18,B,11,7,14.604311827956916,17.279272901091446,2.6749610731345292,0.47112391586972585,0.8333333333333334,0.16666666666666666,0.0,2.6749610731345292,14.604311827956916,16.24755066857874,1.643238840621823,0.24678503325943948,1.0,0.0,0.0,1.643238840621823,14.49999999999997,17.58492381108272,3.084923811082751,0.4043421101615611,0.47112391586972585,0.21652490919139827
B16NYCIV2GE,NYC Impact 16U Travel,NYCIV,16,B,8,4,11.666851916979684,12.98777213134044,1.320920214360756,0.46494859678790873,1.0,0.0,0.0,1.320920214360756,11.666851916979684,12.211107582087726,0.5442556651080412,0.17760224569246344,1.0,0.0,0.0,0.5442556651080412,12.99999999999996,13.170203676035355,0.17020367603539555,0.3874581365539799,0.46494859678790873,0.2143221580484946
B16DIGSV1GE,Digs Boys 16 Red,DIGSV,16,B,7,3,9.308010010379018,10.221408504648366,0.913398494269348,0.456699247134674,1.0,0.0,0.0,0.913398494269348,9.308010010379018,9.40814893189169,0.10013892151267179,0.05006946075633589,0.5,0.5,0.0,0.10013892151267179,9.00000000000008,8.22493180859454,-0.7750681914055395,0.39568180007472387,0.456699247134674,0.21137959522119407
B18PVJVB4NE,PV Boys 18 4,PVJVB,18,B,19,15,-9.623047702575215,-5.519439062231962,4.1036086403432535,0.42446815354281914,0.5,0.5,0.0,4.1036086403432535,-9.623047702575215,-7.123776434967362,2.4992712676078535,0.20604107220618453,0.9285714285714286,0.07142857142857142,0.0,2.4992712676078535,-7.086881380924954,-4.4132321967987975,2.6736491841261563,0.31170227463518146,0.42446815354281914,0.19988268675284612
B15LIFRY1GE,LI Fury 15 1,LIFRY,15,B,7,3,-2.884502192583416,-2.0368586305147582,0.8476435620686575,0.42382178103432877,0.5,0.5,0.0,0.8476435620686575,-2.884502192583416,-2.3537850327748875,0.5307171598085283,0.26535857990426415,1.0,0.0,0.0,0.5307171598085283,4.999999999999999,-1.7505587018078776,-6.7505587018078765,0.0017183420889474918,0.42382178103432877,0.19965212412718183
B17TTVBC2NE,SLAM 17 2 Boys,TTVBC,17,B,22,18,-8.00065789473683,-1.8724131276500444,6.128244767086787,0.40647896042866677,0.8235294117647058,0.17647058823529413,0.0,6.128244767086786,-8.00065789473683,-4.087991441372371,3.9126664533644595,0.22164235987408842,0.9411764705882353,0.058823529411764705,0.0,3.9126664533644595,-7.000000000000002,-2.0725774328496653,4.927422567150336,0.33891001031275003,0.40647896042866677,0.1934658983784948
B14MVPVA1NE,MVP BOS 14 Black,MVPVA,14,B,26,22,-10.450000000000014,-6.514897240295173,3.935102759704841,0.38227255354394984,0.5714285714285714,0.42857142857142855,0.0,3.935102759704841,-10.450000000000014,-9.179500289957378,1.2704997100426354,0.09753692865394882,0.6666666666666666,0.3333333333333333,0.0,1.2704997100426354,-10.999999999999998,-7.002886198900708,3.9971138010992906,0.2879977970714607,0.38227255354394984,0.18483141492517793
B14SJJVB1NE,SMASH Boys 14-1,SJJVB,14,B,16,12,16.93333333333333,22.714504285153307,5.781170951819977,0.3699788453902843,0.8181818181818182,0.18181818181818182,0.0,5.781170951819977,16.93333333333333,20.892301529666213,3.958968196332883,0.32830379220101497,1.0,0.0,0.0,3.958968196332883,10.999999999999986,22.34053054714836,11.340530547148376,0.5299233891482257,0.3699788453902843,0.18044621971061056
B17PVJVB1NE,PV Boys 17 1,PVJVB,17,B,17,13,-3.3212163742690115,4.236669715968441,7.557886090237453,0.3664717608185941,0.75,0.25,0.0,7.557886090237452,-3.3212163742690115,0.8612737377864531,4.182490112055465,0.2582828090806375,0.9166666666666666,0.08333333333333333,0.0,4.182490112055465,-7.499999999999984,4.68670752544929,12.186707525449274,0.5359415043353478,0.3664717608185941,0.17919523422367487
B17HKJVB1NE,Husky 17.1,HKJVB,17,B,11,7,12.39083395473201,15.219838651128068,2.8290046963960584,0.34133526460704733,0.6666666666666666,0.3333333333333333,0.0,2.8290046963960584,12.39083395473201,13.80106217893645,1.41022822420444,0.21859676046534998,1.0,0.0,0.0,1.41022822420444,8.50000000000004,17.8792723914624,9.37927239146236,0.7224371243707313,0.34133526460704733,0.1702289856744119
B17SPTMC3GE,Sportime 17 3,SPTMC,17,B,9,5,0.24501846917823533,1.5495049303245019,1.3044864611462665,0.3410957348548183,0.75,0.25,0.0,1.3044864611462665,0.24501846917823533,0.856957393691946,0.6119389245137107,0.1570688410682783,1.0,0.0,0.0,0.6119389245137107,1.0404452735610232,2.147984044168531,1.107538770607508,0.30118786864372926,0.3410957348548183,0.1701435448367011
B17CAPIT2XL,CSVC 17 SKYLIGHT,CAPIT,17,B,25,21,-11.410000000000043,-4.128425763219496,7.281574236780547,0.33300299386823534,0.65,0.35,0.0,7.281574236780547,-11.410000000000043,-6.432308411592466,4.977691588407577,0.19354007178723137,0.95,0.05,0.0,4.977691588407577,-6.000000000000031,-3.7344382040559805,2.2655617959440506,0.30017708551093775,0.33300299386823534,0.1672568446967994
B18BVJVB1NE,Blast 18 Fire,BVJVB,18,B,23,19,2.5512254901960705,8.29766924407266,5.746443753876589,0.3300863008524515,0.7777777777777778,0.2222222222222222,0.0,5.746443753876589,2.5512254901960705,6.144468965121269,3.5932434749251985,0.1518381256842393,0.9444444444444444,0.05555555555555555,0.0,3.5932434749251985,7.5,8.871694437389746,1.3716944373897455,0.24270301609231887,0.3300863008524515,0.16621645329533574
B14CAPIT1XL,CSVC 14 CASCADE,CAPIT,14,B,24,20,-12.192857142857148,-8.460265439981725,3.732591702875423,0.329242071473817,0.5789473684210527,0.42105263157894735,0.0,3.732591702875423,-12.192857142857148,-10.288428876318084,1.904428266539064,0.14988536934167823,0.8421052631578947,0.15789473684210525,0.0,1.904428266539064,-11.000000000000014,-8.371426097861445,2.6285739021385695,0.25615190169159224,0.329242071473817,0.16591531464905337
B14TACCU1GE,Accuracy 14 Champ,TACCU,14,B,13,9,12.643702882483367,14.611228208896327,1.967525326412959,0.31410178740609884,0.5,0.5,0.0,1.967525326412959,12.643702882483367,14.4401963745803,1.796493492096932,0.24255072639052866,0.625,0.375,0.0,1.796493492096932,11.0,12.592557890808932,1.5925578908089317,0.29340342549894144,0.31410178740609884,0.1605147389715551
B18RRJVB1NE,Boston United Boys 18 1,RRJVB,18,B,24,20,-7.284558823529396,0.7306679761886186,8.015226799718015,0.30031598504163526,0.7368421052631579,0.2631578947368421,0.0,8.015226799718018,-7.284558823529396,-1.512633880168264,5.771924943361133,0.24955643787369863,0.9473684210526315,0.05263157894736842,0.0,5.771924943361132,-7.500000000000005,0.9193505617016473,8.419350561701652,0.337066526464424,0.30031598504163526,0.1555973101696039
B17CSJVB1NE,MEVBC/CT STARS 17 1,CSJVB,17,B,10,6,-2.7009513913422025,-0.9664581260495773,1.7344932652926253,0.2947302949930932,0.6,0.4,0.0,1.7344932652926253,-2.7009513913422025,-1.83370475869589,0.8672466326463126,0.17795387296027765,1.0,0.0,0.0,0.8672466326463126,-8.499999999999883,-1.3976166065891915,7.102383393410691,0.5404085383414757,0.2947302949930932,0.15360488111851894
B18MMVBC2NE,Mayhem 18 2,MMVBC,18,B,10,6,5.902729528536011,7.613496553817508,1.7107670252814966,0.28973721485023785,1.0,0.0,0.0,1.7107670252814966,5.902729528536011,6.758113041176759,0.8553835126407474,0.16738094951942098,0.8,0.2,0.0,0.8553835126407474,3.5000000000000475,7.899514736789262,4.3995147367892145,0.25805746456026546,0.28973721485023785,0.15182383744359876
B18RAPTO1GE,NYC Raptors 18 Black,RAPTO,18,B,7,3,1.598230977661986,2.1362458040609607,0.5380148263989746,0.2690074131994873,0.5,0.5,0.0,0.5380148263989746,1.598230977661986,1.888369126750286,0.29013814908829993,0.14506907454414997,1.0,0.0,0.0,0.29013814908829993,4.499999999999139,2.296689494281662,-2.2033105057174773,0.2778095640878638,0.2690074131994873,0.14442946742427323
B17SJVBC1NE,South County Juniors Boys 17 1,SJVBC,17,B,17,13,3.631323529411765,8.35289454958102,4.721571020169255,0.26146403158901294,0.5,0.5,0.0,4.721571020169255,3.631323529411765,7.664974785283476,4.033651255871711,0.275383219880216,1.0,0.0,0.0,4.033651255871711,4.999999999999998,8.449798481302459,3.4497984813024605,0.342020295855159,0.26146403158901294,0.14173872509279495
B15NEVBC1NE,NEVBC Boys 15.1,NEVBC,15,B,11,7,5.623438927759004,7.959674186006337,2.336235258247333,0.2387378348365898,0.5,0.5,0.0,2.336235258247333,5.623438927759004,7.066317514301867,1.4428785865428626,0.2293319069477299,0.5,0.5,0.0,1.4428785865428626,-7.0,6.086771754908381,13.08677175490838,0.44758164580990156,0.2387378348365898,0.13363223614752678
B17MVPVA1NE,MVP BOS 17 Black,MVPVA,17,B,18,14,3.479583333333327,5.134416955721212,1.6548336223878852,0.21613277561648667,0.7692307692307693,0.23076923076923078,0.0,1.6548336223878852,3.479583333333327,4.049733657798075,0.5701503244647483,0.05697704528646499,0.7692307692307693,0.23076923076923078,0.0,0.5701503244647483,6.499999999999999,4.84910307787643,-1.650896922123569,0.10996782673988834,0.21613277561648667,0.12556895725087816
B17TTVBC1NE,SLAM 17 1 Boys,TTVBC,17,B,23,19,1.8908333333333307,7.177692979157743,5.286859645824412,0.17902822181058148,0.6111111111111112,0.3888888888888889,0.0,5.286859645824412,1.8908333333333307,5.563401590256257,3.6725682569229265,0.13357856232922455,0.7777777777777778,0.2222222222222222,0.0,3.6725682569229265,-0.49999999999999717,8.050324113941194,8.55032411394119,0.2369231561877066,0.17902822181058148,0.11233367382341218
B18LHVBC3NE,LHV Boys 18-3 Thunder,LHVBC,18,B,12,8,-9.362343010052061,-7.866122880721666,1.4962201293303954,0.1369779586475489,0.7142857142857143,0.2857142857142857,0.0,1.4962201293303954,-9.362343010052061,-8.523009136721216,0.8393338733308457,0.11399631299320256,0.5714285714285714,0.42857142857142855,0.0,0.8393338733308457,-15.322696950742868,-8.748155615369562,6.574541335373306,0.178841417066877,0.1369779586475489,0.0973342439940284
B18118281XX,PWVolleyball 18 1,11828,18,B,20,16,5.065135894082306,8.576391015219818,3.511255121137512,0.12729558329896998,0.4666666666666667,0.5333333333333333,0.0,3.511255121137512,5.065135894082306,8.948520999007055,3.8833851049247494,0.25588199482268803,0.7333333333333333,0.26666666666666666,0.0,3.8833851049247494,-3.4973274169054136,8.266786298490409,11.764113715395823,0.2526137440195894,0.12729558329896998,0.09388051746062494
B14SAVBC1XL,Sporting Albany Boys 14u,SAVBC,14,B,17,13,8.512499999999989,8.492399341577094,-0.020100658422894213,0.10244337452482911,0.6666666666666666,0.3333333333333333,0.0,-0.020100658422894213,8.512499999999989,7.400150545956989,-1.1123494540429997,-0.07561496791746522,0.4166666666666667,0.5833333333333334,0.0,-1.1123494540429997,11.50000000000002,8.224240836355662,-3.2757591636443575,-0.04948597533789296,0.10244337452482911,0.08501567492283478
B18ROYAL1NO,Infinity Royals 18N,ROYAL,18,B,8,4,12.765772226196383,13.123081134924096,0.35730890872771326,0.09922771133541505,0.6666666666666666,0.3333333333333333,0.0,0.35730890872771326,12.765772226196383,12.408553136598904,-0.3572190895974785,-0.12331146206556057,0.3333333333333333,0.6666666666666666,0.0,-0.3572190895974785,11.776051337266638,11.034081965702045,-0.7419693715645934,-0.027554730441331825,0.09922771133541505,0.08386864014263508
B18LHVBC2NE,LHV Boys 18-2 Blitz,LHVBC,18,B,17,13,3.4387452711223743,4.227254464641005,0.7885091935186308,0.07290081863748818,0.5833333333333334,0.4166666666666667,0.0,0.788509193518631,3.4387452711223743,2.798266523809719,-0.6404787473126552,-0.0222930307202584,0.5833333333333334,0.4166666666666667,0.0,-0.6404787473126552,3.499999999999997,2.93450641258141,-0.5654935874185867,0.049330576933836585,0.07290081863748818,0.07447777430863893
B16LCVBC1GE,Legacy Boys 16 National,LCVBC,16,B,8,4,-8.417722131771061,-8.168458476272193,0.24926365549886853,0.06708492712127914,0.3333333333333333,0.6666666666666666,0.0,0.24926365549886853,-8.417722131771061,-8.01673242171686,0.40098971005420125,0.13613351678352076,1.0,0.0,0.0,0.40098971005420125,-4.872290862714758,-6.689897461634028,-1.8176065989192702,-0.04660548246186431,0.06708492712127914,0.07240323184134287
B17NEVBC2NE,NEVBC Boys 17.2,NEVBC,17,B,10,6,4.519651028486617,5.408001335424194,0.8883503069375767,0.05735947011222198,0.6,0.4,0.0,0.8883503069375767,4.519651028486617,4.963826181955405,0.44417515346878744,0.08269191792496594,0.8,0.2,0.0,0.44417515346878744,0.5942832327688083,6.602882384331753,6.008599151562945,0.2228216978015813,0.05735947011222198,0.06893413797621137
B18NESVC1NE,NE Storm 18 Thunder,NESVC,18,B,23,19,5.056107814045519,4.818481952421193,-0.23762586162432608,0.049863204907431354,0.5,0.5,0.0,-0.23762586162432608,5.056107814045519,4.352219588524242,-0.7038882255212773,-0.0222950774131272,0.4444444444444444,0.5555555555555556,0.0,-0.7038882255212773,-3.499999999999959,4.240004025381197,7.740004025381156,0.049840553580134964,0.049863204907431354,0.06626020217976297
B18NESVC3NE,NE Storm 18 Tornado,NESVC,18,B,18,14,-12.399166666666648,-11.734478205709465,0.6646884609571835,0.04849895113172771,0.6923076923076923,0.3076923076923077,0.0,0.6646884609571835,-12.399166666666648,-12.707050843826913,-0.3078841771602647,0.003349622310527891,0.6153846153846154,0.38461538461538464,0.0,-0.3078841771602647,-13.999999999999984,-10.495550148794576,3.5044498512054076,0.1018281770599134,0.04849895113172771,0.0657735695825114
B14LHVBC1NE,LHV Boys 14-1 Premier,LHVBC,14,B,26,22,-5.500649350649355,-4.818181998274287,0.6824673523750677,0.042259584448825,0.5714285714285714,0.42857142857142855,0.0,0.6824673523750677,-5.500649350649355,-5.851159438434213,-0.35051008778485837,-0.04179910334962058,0.6190476190476191,0.38095238095238093,0.0,-0.35051008778485837,-9.5,-4.604360510366537,4.895639489633463,0.07072883560362646,0.042259584448825,0.06354797250652762
B18HKJVB1NE,Husky 18.1,HKJVB,18,B,10,6,14.79968095150924,15.179029364365595,0.37934841285635557,0.03702145350628351,0.4,0.6,0.0,0.37934841285635557,14.79968095150924,14.98935515793742,0.18967420642817956,0.06715255520791864,0.6,0.4,0.0,0.18967420642817956,13.53323819500298,15.917348428449088,2.3841102334461084,0.1641973068675377,0.03702145350628351,0.061679518623013116
B15CORE11GE,CORE Boys 15 Platinum,CORE1,15,B,8,4,1.1940494232973977,1.2260677482624298,0.0320183249650321,0.02344455045484626,0.6666666666666666,0.3333333333333333,0.0,0.0320183249650321,1.1940494232973977,1.3390028478355263,0.14495342453812854,0.05157209777430509,0.6666666666666666,0.3333333333333333,0.0,0.14495342453812854,0.10637248316848963,2.447435091678542,2.3410626085100525,0.15528059616300358,0.02344455045484626,0.05683660470756801
B14117901XX,Torrimar 14 1,11790,14,B,7,3,23.83498950340231,23.83579819666002,0.000808693257710047,0.0004043466288550235,0.5,0.5,0.0,0.000808693257710047,23.83498950340231,23.372879851946838,-0.4621096514554708,-0.2310548257277354,0.0,1.0,0.0,-0.4621096514554708,21.102175501715706,21.161013502911867,0.058838001196161116,-0.11306613890089791,0.0004043466288550235,0.048618108685253666
B16TACCU1GE,Accuracy 16 Champ,TACCU,16,B,5,1,1.051666666666666,1.051666666666666,0.0,0.0,0.0,0.0,0.0,0.0,1.051666666666666,1.051666666666666,0.0,0.0,0.0,0.0,0.0,0.0,0.49999999999999756,2.133333333333333,1.6333333333333353,1.1891666666666663,0.0,0.04847387727193898
B18TTVBC2NE,SLAM 18 2 Boys,TTVBC,18,B,5,1,-9.394166666666692,-9.394166666666692,0.0,0.0,0.0,0.0,0.0,0.0,-9.394166666666692,-9.394166666666692,0.0,0.0,0.0,0.0,0.0,0.0,-8.999999999999995,-8.929166666666706,0.07083333333328845,0.8599999999999838,0.0,0.04847387727193898
B16JHEAT1GE,CJ HEAT 16-1 Boys,JHEAT,16,B,5,1,2.46383433530971,2.46383433530971,0.0,0.0,0.0,0.0,0.0,0.0,2.46383433530971,2.46383433530971,0.0,0.0,0.0,0.0,0.0,0.0,13.241715482410664,-8.977301395722343,-22.219016878133004,-6.021107730943907,0.0,0.04847387727193898
B18SGHVB1NE,Starlings GH 18 1 Boys,SGHVB,18,B,5,1,-23.140702858838722,-23.140702858838722,0.0,0.0,0.0,0.0,0.0,0.0,-23.140702858838722,-23.140702858838722,0.0,0.0,0.0,0.0,0.0,0.0,-24.91325799752149,-21.995534343441296,2.917723654080195,0.5498456183906025,0.0,0.04847387727193898
B18TTVBC1NE,SLAM 18 1 Boys,TTVBC,18,B,5,1,-16.96675243274823,-16.96675243274823,0.0,0.0,0.0,0.0,0.0,0.0,-16.96675243274823,-16.96675243274823,0.0,0.0,0.0,0.0,0.0,0.0,-21.16658192340021,-12.54987420892299,8.616707714477219,1.74406404786614,0.0,0.04847387727193898
B18GEVBC1NE,Generations vbc 18 1,GEVBC,18,B,5,1,-13.41165931578806,-13.41165931578806,0.0,0.0,0.0,0.0,0.0,0.0,-13.41165931578806,-13.41165931578806,0.0,0.0,0.0,0.0,0.0,0.0,-15.439279337364475,-13.951733378482134,1.4875459588823414,0.24516694739312433,0.0,0.04847387727193898
B17MVNER1NE,Meraki VB 17 1,MVNER,17,B,17,13,-1.6579166666666787,0.3999192968928694,2.057835963559548,-0.0038970632849978067,0.75,0.25,0.0,2.0578359635595485,-1.6579166666666787,-0.22239218121617763,1.4355244854505012,0.06706350192077984,0.6666666666666666,0.3333333333333333,0.0,1.435524485450501,-6.500000000000008,0.09582693033013523,6.595826930330143,0.11113561689066306,-0.0038970632849978067,0.047083785441660475
B14117752XX,ValleyVBC Elite Boys,11775,14,B,22,18,9.734285714285713,7.223951888002958,-2.5103338262827553,-0.03297072492561732,0.47058823529411764,0.5294117647058824,0.0,-2.5103338262827553,9.734285714285713,7.131557980654804,-2.6027277336309087,-0.13832893460533102,0.29411764705882354,0.7058823529411765,0.0,-2.6027277336309087,9.499999999999995,6.8562198137441515,-2.643780186255843,-0.1138612440165009,-0.03297072492561732,0.036713140531045636
B18RRJVB2NE,Boston United Boys 18 Select 1,RRJVB,18,B,22,18,-0.27175734101960564,-4.563877246775435,-4.29211990575583,-0.03336095374252604,0.4117647058823529,0.5882352941176471,0.0,-4.29211990575583,-0.27175734101960564,-3.0190587061110197,-2.747301365091414,-0.12363668720700234,0.17647058823529413,0.8235294117647058,0.0,-2.7473013650914138,9.000000000000002,-6.031312453751229,-15.03131245375123,-0.19445616700275623,-0.03336095374252604,0.03657394497514786
B17NESVC1NE,NE Storm 17 Tsunami,NESVC,17,B,26,22,5.2220098039215666,7.093790643301522,1.871780839379955,-0.04803119921198786,0.5238095238095238,0.47619047619047616,0.0,1.871780839379955,5.2220098039215666,7.684581860051405,2.4625720561298383,0.05458616141793031,0.42857142857142855,0.5714285714285714,0.0,2.4625720561298383,0.5000000000000037,7.361237685166034,6.861237685166031,0.02976857757920002,-0.04803119921198786,0.031341033194170594
B17ALLIN1FL,AVA 17 Boys,ALLIN,17,B,8,4,18.607659935287867,18.491188682857278,-0.11647125243058909,-0.050052498913449026,0.3333333333333333,0.6666666666666666,0.0,-0.11647125243058909,18.607659935287867,18.159321467527164,-0.44833846776070274,-0.15079177444607622,0.0,1.0,0.0,-0.44833846776070274,12.899625774335586,17.272600755493716,4.37297498115813,0.16704107449836017,-0.050052498913449026,0.030620030737689544
B16SAVBC1XL,Sporting Albany Boys 16u,SAVBC,16,B,17,13,3.458423979481735,4.689506456886512,1.2310824774047773,-0.05121788319409671,0.4166666666666667,0.5833333333333334,0.0,1.2310824774047773,3.458423979481735,5.125653056352025,1.66722907687029,0.07683121069704181,0.4166666666666667,0.5833333333333334,0.0,1.66722907687029,4.021629694346107,5.58962622443504,1.5679965300889336,0.05185241879271629,-0.05121788319409671,0.030204335366793296
B17RRJVB2NE,Boston United Boys 17 Northeast,RRJVB,17,B,24,20,-5.078556414543794,-5.826804903061949,-0.7482484885181551,-0.053780418887350724,0.47368421052631576,0.5263157894736842,0.0,-0.7482484885181551,-5.078556414543794,-6.925974464919565,-1.8474180503757713,-0.08436472156337177,0.5263157894736842,0.47368421052631576,0.0,-1.8474180503757713,-8.000000000000016,-4.181971760316718,3.818028239683298,0.016436148383375596,-0.053780418887350724,0.029290272732577838
B17LCVBC2GE,Legacy Boys 17 Premier,LCVBC,17,B,7,3,-9.04032406925662,-9.155263261218979,-0.11493919196235858,-0.05746959598117929,0.5,0.5,0.0,-0.11493919196235858,-9.04032406925662,-8.819201685922929,0.22112238333369127,0.11056119166684564,1.0,0.0,0.0,0.22112238333369127,-7.29252949111939,-8.119677556113492,-0.8271480649941028,-0.26982795254761754,-0.05746959598117929,0.027974334405806593
B16TTVBC1NE,SLAM 16 1 Boys,TTVBC,16,B,22,18,-5.454166666666654,-7.9429689626671145,-2.4888022960004603,-0.06669532418422405,0.4117647058823529,0.5882352941176471,0.0,-2.4888022960004603,-5.454166666666654,-5.570630345897559,-0.11646367923090484,0.00695796873784193,0.47058823529411764,0.5294117647058824,0.0,-0.11646367923090484,1.5000000000000029,-6.983893534190045,-8.483893534190049,-0.14977024395344152,-0.06669532418422405,0.02468349500558637
B18NESVC2NE,NE Storm 18 Squall,NESVC,18,B,18,14,-0.5474724291240604,-1.4238422258328636,-0.8763697967088032,-0.06999205658925911,0.46153846153846156,0.5384615384615384,0.0,-0.8763697967088033,-0.5474724291240604,-1.3637939052609283,-0.8163214761368679,-0.024984490362353128,0.5384615384615384,0.46153846153846156,0.0,-0.8163214761368678,-3.4999999999999987,-0.7244257249421462,2.7755742750578527,0.013382009931804363,-0.06999205658925911,0.02350754264153432
B17NESVC2NE,NE Storm 17 Landslide,NESVC,17,B,23,19,-2.6071604772458814,-5.103217375244951,-2.496056897999069,-0.08526304412873582,0.3888888888888889,0.6111111111111112,0.0,-2.496056897999069,-2.6071604772458814,-6.038941525423956,-3.431781048178075,-0.17546766245049666,0.4444444444444444,0.5555555555555556,0.0,-3.431781048178075,-2.999999999999999,-3.571863363291145,-0.5718633632911461,-0.06639949945846886,-0.08526304412873582,0.018060344721851775
B16BVJVB1NE,Blast 16 Inferno,BVJVB,16,B,22,18,-7.970833333333323,-10.109555756670847,-2.1387224233375246,-0.09858096095078411,0.4117647058823529,0.5882352941176471,0.0,-2.1387224233375246,-7.970833333333323,-8.66386978480657,-0.6930364514732474,-0.027012686039775115,0.35294117647058826,0.6470588235294118,0.0,-0.6930364514732474,-8.500000000000004,-9.812907280889114,-1.3129072808891102,-0.11575916450763667,-0.09858096095078411,0.01330981181623377
B15SYRVB1XL,SVC 15 1 Boys,SYRVB,15,B,9,5,13.052687801835514,12.470700145368031,-0.5819876564674829,-0.11027805535753572,0.25,0.75,0.0,-0.5819876564674829,13.052687801835514,12.817829481078588,-0.23485832075692592,-0.06628223350648935,0.5,0.5,0.0,-0.23485832075692592,14.499999999999998,13.482400557080267,-1.0175994429197317,-0.0708586701443093,-0.11027805535753572,0.009137430157609806
B14CAPIT2XL,CSVC 14 SAWTEETH,CAPIT,14,B,19,15,-11.817857142857177,-13.402977217829648,-1.5851200749724708,-0.12509138177885812,0.2857142857142857,0.7142857142857143,0.0,-1.5851200749724708,-11.817857142857177,-12.585173057646223,-0.7673159147890463,-0.06107965057347715,0.21428571428571427,0.7857142857142857,0.0,-0.7673159147890463,-7.666666666666799,-13.18676485895554,-5.52009819228874,-0.1443345876934819,-0.12509138177885812,0.00385348105757859
B16LIFRY2GE,LI Fury 16 2,LIFRY,16,B,8,4,-10.71286944663068,-11.1918978298573,-0.4790283832266198,-0.1317047888760717,0.3333333333333333,0.6666666666666666,0.0,-0.4790283832266198,-10.71286944663068,-11.15118614366082,-0.43831669703013887,-0.15613129305628082,0.3333333333333333,0.6666666666666666,0.0,-0.43831669703013887,-8.99999999999992,-12.758032539296673,-3.758032539296753,-0.30250458631375626,-0.1317047888760717,0.0014944628677706706
B17PVJVB3NE,PV Boys 17 3,PVJVB,17,B,19,15,-8.178919964714272,-13.48027494161121,-5.301354976896938,-0.14523574390836974,0.42857142857142855,0.5714285714285714,0.0,-5.301354976896938,-8.178919964714272,-12.504311606348224,-4.325391641633953,-0.22362698763274497,0.07142857142857142,0.9285714285714286,0.0,-4.325391641633953,-4.377330456984302,-12.209034974125418,-7.831704517141116,-0.31484800929926454,-0.14523574390836974,-0.003332061278930167
B16SJVBC1NE,South County Juniors Boys 16's Blue,SJVBC,16,B,17,13,-4.317982456140362,-7.448034542683791,-3.1300520865434294,-0.14680448602749932,0.5833333333333334,0.4166666666666667,0.0,-3.1300520865434294,-4.317982456140362,-7.3490853142742765,-3.031102858133915,-0.20726234720101247,0.25,0.75,0.0,-3.031102858133915,-1.499999999999997,-6.93884310470899,-5.438843104708994,-0.24056858030392142,-0.14680448602749932,-0.0038916353592410107
B14SJJVB2NE,SMASH Boys 14's Thunder,SJJVB,14,B,16,12,-9.189285714285713,-9.915721671157494,-0.7264359568717804,-0.15272223823311842,0.18181818181818182,0.8181818181818182,0.0,-0.7264359568717804,-9.189285714285713,-8.93450187686648,0.2547838374192324,0.001138342445034439,0.36363636363636365,0.6363636363636364,0.0,0.2547838374192324,-11.500000000000057,-10.596265736490649,0.9037342635094081,-0.049852691761758466,-0.15272223823311842,-0.006002511779008542
B18BVJVB2NE,Blast 18 Blaze,BVJVB,18,B,22,18,-14.128270609318998,-16.98242166028354,-2.854151050964541,-0.15642214352469366,0.4117647058823529,0.5882352941176471,0.0,-2.854151050964541,-14.128270609318998,-15.124189513933237,-0.9959189046142392,-0.07049694633452934,0.17647058823529413,0.8235294117647058,0.0,-0.9959189046142392,-12.499999999999998,-16.781553777475917,-4.281553777475919,-0.16447576937814692,-0.15642214352469366,-0.00732227687967352
B16NESVC1NE,NE Storm 16 Lightning,NESVC,16,B,22,18,2.5596491228069986,-0.19241427318161838,-2.752063395988617,-0.16639653790608477,0.5294117647058824,0.47058823529411764,0.0,-2.752063395988617,2.5596491228069986,2.463296101444595,-0.09635302136240353,-0.0006022355171674731,0.47058823529411764,0.5294117647058824,0.0,-0.09635302136240353,2.9999999999999973,0.020252478491392,-2.9797475215086053,-0.1457706783780728,-0.16639653790608477,-0.010880167303194143
B16MVPVA1NE,MVP BOS 16 Black,MVPVA,16,B,17,13,2.553431372549017,1.8508054221483121,-0.7026259504007051,-0.19917059520448396,0.4166666666666667,0.5833333333333334,0.0,-0.7026259504007051,2.553431372549017,2.59929005173915,0.04585867919013298,-0.02161784745307994,0.25,0.75,0.0,0.04585867919013298,-0.5000000000000056,1.7105663857605857,2.2105663857605915,-0.04887444320658684,-0.19917059520448396,-0.022570752229276417
B16LEGIO1XL,TeamLVC Boys 16 Black,LEGIO,16,B,20,16,10.443006640383063,9.785096154866773,-0.6579104855162896,-0.2429965486074573,0.4,0.6,0.0,-0.6579104855162896,10.443006640383063,11.533253151906024,1.0902465115229614,0.016758375382038174,0.4,0.6,0.0,1.0902465115229614,3.5000000000000395,10.16250165213397,6.6625016521339315,-0.08411490081874622,-0.2429965486074573,-0.03820357503052933
B15LEGIO1XL,TeamLVC Boys 15 Black,LEGIO,15,B,18,14,-1.437815126050431,-6.873377333797208,-5.435562207746777,-0.29906035362794386,0.46153846153846156,0.5384615384615384,0.0,-5.435562207746777,-1.437815126050431,-1.5682203277322775,-0.13040520168184644,-0.008534963570887014,0.5384615384615384,0.46153846153846156,0.0,-0.13040520168184622,-3.999999999999975,-6.345638852204649,-2.345638852204674,-0.35106736390241705,-0.29906035362794386,-0.05820166888579726
B17NESVC3NE,NE Storm 17 Wildfire,NESVC,17,B,18,14,-6.18287109241497,-11.529888997682287,-5.347017905267316,-0.3179832944612586,0.5384615384615384,0.46153846153846156,0.0,-5.347017905267316,-6.18287109241497,-12.251893464752849,-6.069022372337878,-0.41569534183488843,0.3076923076923077,0.6923076923076923,0.0,-6.069022372337878,-6.66666666666665,-10.514121097008204,-3.8474544303415534,-0.3537652639615176,-0.3179832944612586,-0.06495152731342323
B18MVPVA2NE,MVP BOS 18 Blue,MVPVA,18,B,18,14,11.276554330931186,6.254578213729705,-5.021976117201481,-0.31870339056391295,0.15384615384615385,0.8461538461538461,0.0,-5.021976117201481,11.276554330931186,8.346446607784083,-2.9301077231471027,-0.21118047765076864,0.0,1.0,0.0,-2.9301077231471027,14.000000000000018,5.8440385971374305,-8.155961402862587,-0.35442446630627356,-0.31870339056391295,-0.06520838732212994
B18CSJVB1NE,MEVBC/CT STARS 18 1,CSJVB,18,B,10,6,1.8851130954384892,0.5404575298631465,-1.3446555655753425,-0.33414755252817735,0.2,0.8,0.0,-1.3446555655753425,1.8851130954384892,1.2127853126508181,-0.672327782787671,-0.14418745269370836,0.0,1.0,0.0,-0.672327782787671,1.6479266542889546,1.1905170812561234,-0.45740957303283114,-0.2223346996766625,-0.33414755252817735,-0.07071735697491142
B17MVPVA2NE,MVP BOS 17 Blue,MVPVA,17,B,19,15,-2.977849139221173,-9.810247296807848,-6.832398157586676,-0.33470207762072196,0.42857142857142855,0.5714285714285714,0.0,-6.832398157586675,-2.977849139221173,-8.323644689189175,-5.3457955499680025,-0.3246629121133887,0.0,1.0,0.0,-5.3457955499680025,2.000000000000005,-8.389175834566066,-10.389175834566071,-0.4411489220650874,-0.33470207762072196,-0.07091515740679
B16HKJVB1NE,Husky 16.1,HKJVB,16,B,12,8,10.697264530998467,8.68679597793219,-2.0104685530662767,-0.3725609358614153,0.2857142857142857,0.7142857142857143,0.0,-2.0104685530662767,10.697264530998467,9.831278058586541,-0.865986472411926,-0.142632341753942,0.14285714285714285,0.8571428571428571,0.0,-0.865986472411926,7.7271086366760215,8.298518348351104,0.5714097116750825,-0.19880184452368832,-0.3725609358614153,-0.08441950303716617
B18VTVBC1NE,VTV 18 1,VTVBC,18,B,13,9,8.070376328871566,6.445122731902858,-1.625253596968708,-0.3744709501511313,0.625,0.375,0.0,-1.625253596968708,8.070376328871566,6.816321238771192,-1.2540550901003744,-0.15716593525531727,0.25,0.75,0.0,-1.2540550901003744,3.6445231443336623,7.275526768735843,3.631003624402181,-0.05868275457581108,-0.3744709501511313,-0.08510080972009085
B16SPTMC4GE,Sportime 16 4,SPTMC,16,B,7,3,-8.126460739852119,-8.880593680674403,-0.7541329408222843,-0.37706647041114216,0.0,1.0,0.0,-0.7541329408222843,-8.126460739852119,-8.77859353709705,-0.6521327972449313,-0.32606639862246567,0.0,1.0,0.0,-0.6521327972449313,-8.38983802786573,-11.610831790905182,-3.220993763039452,-0.48971069226052194,-0.37706647041114216,-0.08602663802846162
B16PVJVB1NE,PV Boys 16 1,PVJVB,16,B,18,14,-8.7428122886753,-12.86786259841524,-4.12505030973994,-0.38069168659301617,0.38461538461538464,0.6153846153846154,0.0,-4.12505030973994,-8.7428122886753,-9.165838735300659,-0.42302644662535904,-0.0511043124593873,0.46153846153846156,0.5384615384615384,0.0,-0.42302644662535904,-6.9347156852923195,-12.231128047821247,-5.296412362528928,-0.334094048300517,-0.38069168659301617,-0.08731976134437393
B17NYCVA1GE,NYC VBA 17 Downtown,NYCVA,17,B,14,10,5.665333511414303,1.1189052255698817,-4.546428285844422,-0.42031001057350614,0.0,1.0,0.0,-4.5464282858444225,5.665333511414303,3.1872926963156205,-2.478040815098683,-0.2675147424759763,0.0,1.0,0.0,-2.478040815098683,11.550900541882097,0.04234752996277236,-11.508553011919325,-0.5660399003606207,-0.42031001057350614,-0.10145171262846418
B17DIGSV1GE,Digs Boys 17 Red,DIGSV,17,B,8,4,-0.32134283285009724,-1.2403246887850388,-0.9189818559349415,-0.4217391256724807,0.3333333333333333,0.6666666666666666,0.0,-0.9189818559349415,-0.32134283285009724,-0.4525399754182981,-0.13119714256820086,-0.03456592544284568,0.3333333333333333,0.6666666666666666,0.0,-0.13119714256820086,-4.499999999999512,-1.0689329908911471,3.4310670091083653,-0.17156882394245146,-0.4217391256724807,-0.10196148141545304
B17SPTMC5GE,Sportime 17 Lynbrook,SPTMC,17,B,7,3,7.313964985690271,6.407192122614757,-0.9067728630755143,-0.45338643153775715,0.0,1.0,0.0,-0.9067728630755143,7.313964985690271,7.018365217340035,-0.29559976835023605,-0.14779988417511802,0.5,0.5,0.0,-0.29559976835023605,7.834611130221314,4.96092466167131,-2.8736864685500043,-0.36873238334338093,-0.45338643153775715,-0.11325015140010543
B18PINVA1GE,PVA Boys 18 National,PINVA,18,B,7,3,8.52971434773136,7.60470984592475,-0.92500450180661,-0.462502250903305,0.5,0.5,0.0,-0.92500450180661,8.52971434773136,8.194414099717648,-0.33530024801371283,-0.16765012400685642,0.0,1.0,0.0,-0.33530024801371283,5.500000000000757,7.2264791212960064,1.7264791212952497,-0.28849686815248227,-0.462502250903305,-0.11650178605410866
B16CORE11GE,CORE Boys 16 Platinum,CORE1,16,B,8,4,11.42170261501019,10.025000762274331,-1.396701852735859,-0.4719972273084448,0.0,1.0,0.0,-1.396701852735859,11.42170261501019,10.755298665408194,-0.666403949601996,-0.21290009491778755,0.0,1.0,0.0,-0.666403949601996,12.344874491732345,10.283553301130718,-2.0613211906016264,-0.4290468635482318,-0.4719972273084448,-0.11988866693445838
B14RRJVB2NE,Boston United Boys 13 Select 1,RRJVB,14,B,10,6,-12.286881373461018,-14.812624530190353,-2.5257431567293356,-0.48446617787644125,0.2,0.8,0.0,-2.5257431567293356,-12.286881373461018,-13.549752951825685,-1.262871578364667,-0.25969942580684424,0.0,1.0,0.0,-1.262871578364667,-9.04532596062021,-16.480044610630586,-7.434718650010376,-0.6928713646842488,-0.48446617787644125,-0.12433637153895982
B17LCVBC1GE,Legacy Boys 17 National,LCVBC,17,B,8,4,9.837934464009553,8.666672010069703,-1.1712624539398497,-0.48496889822182254,0.3333333333333333,0.6666666666666666,0.0,-1.1712624539398497,9.837934464009553,9.685728921983955,-0.1522055420255981,-0.05468609718082203,0.3333333333333333,0.6666666666666666,0.0,-0.1522055420255981,4.500000000000476,9.864224770675365,5.364224770674889,-0.11876549589125503,-0.48496889822182254,-0.12451569309314642
B18TUSVA1GE,Train Up VB 18 1,TUSVA,18,B,9,5,3.5281642804028173,1.7625093704561992,-1.7656549099466181,-0.4978464677852178,0.25,0.75,0.0,-1.7656549099466181,3.5281642804028173,2.8682329762532297,-0.6599313041495876,-0.14556529437759896,0.5,0.5,0.0,-0.6599313041495876,5.010258015071811,3.9954126349112897,-1.014845380160521,-0.3425764470710155,-0.4978464677852178,-0.12910915307436632
B15NYCVA1GE,NYC VBA 15 Nomad,NYCVA,15,B,13,9,5.804910997842074,0.647905236569293,-5.1570057612727815,-0.5064875793118374,0.375,0.625,0.0,-5.1570057612727815,5.804910997842074,2.463217766787061,-3.341693231055013,-0.3865277579233634,0.0,1.0,0.0,-3.341693231055013,13.75593400238608,0.21239520531518385,-13.543538797070896,-0.7239518668650062,-0.5064875793118374,-0.13219145830249043
B14LIFRY1GE,LI Fury 14 1,LIFRY,14,B,7,3,-13.409219703947139,-14.428782443357994,-1.0195627394108548,-0.5097813697054274,0.5,0.5,0.0,-1.0195627394108548,-13.409219703947139,-13.33749849612879,0.07172120781834934,0.03586060390917467,0.5,0.5,0.0,0.07172120781834934,-14.500000000000018,-13.58146520185435,0.918534798145668,-0.29288072276974647,-0.5097813697054274,-0.1333663612439965
B18NEVBC1NE,NEVBC Boys 18.1,NEVBC,18,B,6,2,27.739794764810647,27.216909915614718,-0.522884849195929,-0.522884849195929,0.0,1.0,0.0,-0.522884849195929,27.739794764810647,27.63697700103823,-0.10281776377241769,-0.10281776377241769,0.0,1.0,0.0,-0.10281776377241769,29.737312428155782,27.122888182176137,-2.614424245979645,-0.5693353017147033,-0.522884849195929,-0.13804040383860589
B16BVJVB2NE,Blast 16 Pyro,BVJVB,16,B,23,19,-10.493375076604469,-22.340837050809412,-11.847461974204943,-0.5263384439331883,0.2222222222222222,0.7777777777777778,0.0,-11.847461974204943,-10.493375076604469,-15.578320644291086,-5.084945567686617,-0.23183588229709956,0.0,1.0,0.0,-5.084945567686617,-11.000000000000002,-22.300820020239204,-11.300820020239202,-0.5948632397687712,-0.5263384439331883,-0.13927230937317553
B13SJJVB1NE,SMASH Boys 13-1,SJJVB,13,B,16,12,8.12083333333334,3.3872560507740834,-4.733577282559257,-0.5375524372029026,0.18181818181818182,0.8181818181818182,0.0,-4.733577282559257,8.12083333333334,6.394474215446975,-1.726359117886366,-0.17216689151072853,0.2727272727272727,0.7272727272727273,0.0,-1.726359117886366,3.3333333333333384,2.8020584661960015,-0.5312748671373368,-0.40639724036509534,-0.5375524372029026,-0.14327236769633325
B16MCJVB1NE,Mill City 16's,MCJVB,16,B,20,16,10.756666666666648,5.704209567281051,-5.052457099385597,-0.5424014323229798,0.26666666666666666,0.7333333333333333,0.0,-5.052457099385597,10.756666666666648,10.155138995138639,-0.6015276715280091,-0.12642165031236388,0.26666666666666666,0.7333333333333333,0.0,-0.6015276715280091,8.500000000000007,5.81410638171658,-2.685893618283427,-0.4136946506413499,-0.5424014323229798,-0.1450020158976925
B16LCVBC2GE,Legacy Boys 16 Premier,LCVBC,16,B,7,3,-0.22276613090344438,-1.3710919400106967,-1.1483258091072523,-0.5741629045536262,0.0,1.0,0.0,-1.1483258091072523,-0.22276613090344438,-0.9436371000076252,-0.7208709691041808,-0.3604354845520904,0.0,1.0,0.0,-0.7208709691041809,-1.4999999999997975,-3.9853291790117593,-2.485329179011962,-0.4872741119875803,-0.5741629045536262,-0.15633140929897613
B15RRJVB1NE,Boston United Boys 15 National,RRJVB,15,B,25,21,10.654861111111112,4.57275529433772,-6.0821058167733915,-0.5839332190115202,0.3,0.7,0.0,-6.0821058167733915,10.654861111111112,8.98020530928615,-1.6746558018249615,-0.17369514814013295,0.3,0.7,0.0,-1.6746558018249615,8.000000000000005,4.612576524256122,-3.3874234757438835,-0.42540923368980366,-0.5839332190115202,-0.15981650392380667
B16CAPIT1XL,CSVC 16 WOLFJAW,CAPIT,16,B,27,23,6.8111127114718055,-2.166724608152732,-8.977837319624538,-0.5960413770188268,0.22727272727272727,0.7727272727272727,0.0,-8.977837319624534,6.8111127114718055,2.7129459602155896,-4.098166751256215,-0.22930344801465036,0.13636363636363635,0.8636363636363636,0.0,-4.098166751256215,-3.499999999999994,-2.4106140016126165,1.0893859983873773,-0.49507666015760365,-0.5960413770188268,-0.16413551295567758
B16NYCVA1GE,NYC VBA 16 Hudson,NYCVA,16,B,13,9,8.252659267356396,3.9408439722551902,-4.311815295101206,-0.608487619664055,0.125,0.875,0.0,-4.311815295101205,8.252659267356396,5.7407640815814505,-2.5118951857749456,-0.32042677474612546,0.0,1.0,0.0,-2.5118951857749456,5.935947528461325,4.797662648235325,-1.1382848802260002,-0.5016435886386685,-0.608487619664055,-0.16857511758960778
B16SJJVB2NE,SMASH Boys 16's Fire,SJJVB,16,B,16,12,10.063798258579013,5.808565475296893,-4.2552327832821195,-0.6096665371364195,0.2727272727272727,0.7272727272727273,0.0,-4.2552327832821195,10.063798258579013,8.363563715509573,-1.70023454306944,-0.20134294532624758,0.18181818181818182,0.8181818181818182,0.0,-1.70023454306944,7.499999999999986,6.6254638188246915,-0.8745361811752943,-0.31807684395854224,-0.6096665371364195,-0.16899564028248149
B16MCJVB2NE,Mill City 16 Royal,MCJVB,16,B,20,16,-14.019816950639306,-22.879195076506157,-8.85937812586685,-0.6155046943422574,0.26666666666666666,0.7333333333333333,0.0,-8.85937812586685,-14.019816950639306,-16.978574462723223,-2.958757512083917,-0.17898403173402547,0.26666666666666666,0.7333333333333333,0.0,-2.958757512083917,-15.000000000000002,-22.50155334745157,-7.501553347451567,-0.5489002422039758,-0.6155046943422574,-0.1710781249747262
B16SPTMC3GE,Sportime 16 3,SPTMC,16,B,8,4,3.3568531637131853,1.5828056790602951,-1.7740474846528902,-0.6391797514466367,0.0,1.0,0.0,-1.7740474846528902,3.3568531637131853,2.208003549412708,-1.1488496143004774,-0.3814926959473738,0.0,1.0,0.0,-1.1488496143004774,1.5000000000001759,1.1300746170348135,-0.36992538296536237,-0.44425901381694255,-0.6391797514466367,-0.1795230746856707
B16RRJVB1NE,Boston United Boys 16 National 1,RRJVB,16,B,22,18,0.8215686274509568,-2.930726101430209,-3.752294728881166,-0.6407758965160522,0.5294117647058824,0.47058823529411764,0.0,-3.7522947288811643,0.8215686274509568,-0.6972975762108702,-1.518866203661827,-0.2532543330898444,0.17647058823529413,0.8235294117647058,0.0,-1.5188662036618268,-3.000000000000003,-2.612612286356056,0.387387713643947,-0.3853352957014837,-0.6407758965160522,-0.18009242346414062
B15CAPIT1XL,CSVC 15 PANTHERS,CAPIT,15,B,24,20,-4.3074779911964995,-14.959355169317774,-10.651877178121275,-0.6652773508641445,0.3684210526315789,0.631578947368421,0.0,-10.651877178121275,-4.3074779911964995,-9.606943278701403,-5.299465287504903,-0.30699395236059634,0.15789473684210525,0.8421052631578947,0.0,-5.299465287504903,4.000000000000026,-13.72139205555423,-17.721392055554254,-0.6484617401880607,-0.6652773508641445,-0.18883215105602752
B18MVNER2NE,Meraki VB 18 2,MVNER,18,B,16,12,5.32733664185279,-1.7543893850676298,-7.08172602692042,-0.665862251536954,0.09090909090909091,0.9090909090909091,0.0,-7.081726026920421,5.32733664185279,2.283483852767506,-3.0438527890852844,-0.2754953967500214,0.09090909090909091,0.9090909090909091,0.0,-3.0438527890852844,5.499999999999998,-2.9260112323197704,-8.42601123231977,-0.6389327968780586,-0.665862251536954,-0.1890407865303158
B18HKJVB2NE,Husky 18.2,HKJVB,18,B,10,6,7.918558841802673,4.500850593662952,-3.4177082481397205,-0.6720287395440174,0.2,0.8,0.0,-3.4177082481397205,7.918558841802673,6.209704717732813,-1.7088541240698598,-0.3397010410766743,0.0,1.0,0.0,-1.7088541240698598,9.305133709119168,5.416229644155078,-3.8889040649640902,-0.3899542784555148,-0.6720287395440174,-0.19124038760765216
B18315VB1XL,315VB 18 USA,315VB,18,B,6,2,13.643712369242014,12.970940154023726,-0.6727722152182878,-0.6727722152182878,0.0,1.0,0.0,-0.6727722152182878,13.643712369242014,13.501403532024497,-0.14230883721751653,-0.14230883721751653,0.0,1.0,0.0,-0.14230883721751653,16.15372042202835,12.789859345936923,-3.3638610760914265,-0.5660660764382536,-0.6727722152182878,-0.1915055871656867
B17RRJVB3NE,Boston United Boys 17 Select 1,RRJVB,17,B,23,19,-2.4658522056306102,-16.595352975940877,-14.129500770310266,-0.6737204948918125,0.3333333333333333,0.6666666666666666,0.0,-14.129500770310266,-2.4658522056306102,-13.133247887970812,-10.667395682340203,-0.5533468817561955,0.0,1.0,0.0,-10.667395682340203,-6.666666666666649,-15.970000434530265,-9.303333767863617,-0.6515895074666052,-0.6737204948918125,-0.19184384080197237
B18NEVBC2NE,NEVBC Boys 18.2,NEVBC,18,B,11,7,4.192739703441889,-0.034163158057519905,-4.2269028614994095,-0.6758938237957705,0.0,1.0,0.0,-4.226902861499409,4.192739703441889,2.0638499474495395,-2.1288897559923496,-0.37439899068623683,0.0,1.0,0.0,-2.1288897559923496,9.254056289364165,1.2941293087499757,-7.959926980614189,-0.6007848285617539,-0.6758938237957705,-0.19261907243999332
B16CORE12GE,CORE Boys 16 Titanium,CORE1,16,B,7,3,10.135001664381807,8.68985595669009,-1.445145707691717,-0.7225728538458585,0.0,1.0,0.0,-1.445145707691717,10.135001664381807,9.052976110403431,-1.0820255539783759,-0.5410127769891879,0.0,1.0,0.0,-1.0820255539783759,9.89979892862299,5.4086920588582945,-4.491106869764696,-0.7866537198805281,-0.7225728538458585,-0.20926959453126803
B17ROYAL1NO,Infinity Royals 17N,ROYAL,17,B,8,4,2.435202996809647,0.35738619959309254,-2.0778167972165544,-0.7408827480746432,0.3333333333333333,0.6666666666666666,0.0,-2.0778167972165544,2.435202996809647,1.4435522631863842,-0.991650733623263,-0.32114558963957185,0.0,1.0,0.0,-0.991650733623263,-3.468462413440898,-0.7426721138587716,2.7257902995821266,-0.4133314758451029,-0.7408827480746432,-0.21580077776318501
B15RRJVB2NE,Boston United Boys 15 Select 1,RRJVB,15,B,22,18,-1.3916218637992803,-15.394063505464027,-14.002441641664747,-0.748852020622485,0.058823529411764705,0.9411764705882353,0.0,-14.002441641664747,-1.3916218637992803,-7.991603028342016,-6.599981164542736,-0.3497249812713386,0.0,1.0,0.0,-6.5999811645427355,1.0000000000000024,-15.902982793189215,-16.902982793189217,-0.7475935937688514,-0.748852020622485,-0.2186434364145505
B15LHVBC1NE,LHV Boys 15-1 Eclipse,LHVBC,15,B,10,6,-6.61583333333332,-10.311544218025734,-3.6957108846924136,-0.7746186542728619,0.0,1.0,0.0,-3.6957108846924136,-6.61583333333332,-8.463688775679525,-1.847855442346205,-0.32556647342200223,0.2,0.8,0.0,-1.847855442346205,-8.0,-11.840248623754027,-3.840248623754027,-0.673044855734981,-0.7746186542728619,-0.2278344565011509
B17XTREM1GE,Xtreme 17 National Braulio,XTREM,17,B,8,4,-5.234788134396292,-7.982679274095991,-2.747891139699699,-0.8280899933327124,0.0,1.0,0.0,-2.747891139699699,-5.234788134396292,-6.359314227271694,-1.124526092875402,-0.33938712202435495,0.0,1.0,0.0,-1.124526092875402,-2.499999999999778,-7.2649273383965784,-4.7649273383968005,-0.7106536503259541,-0.8280899933327124,-0.24690781152396812
B18SJVBC2NE,South County Juniors Boys 18's Gold,SJVBC,18,B,18,14,13.270402448178322,4.671154867911171,-8.59924758026715,-0.8404938084134903,0.07692307692307693,0.9230769230769231,0.0,-8.599247580267152,13.270402448178322,9.219476759262689,-4.050925688915633,-0.3617696765985152,0.07692307692307693,0.9230769230769231,0.0,-4.050925688915633,12.500000000000005,4.427475456682127,-8.07252454331788,-0.6782039756941197,-0.8404938084134903,-0.25133228214379394
B18HKJVB3NE,Husky 18.3,HKJVB,18,B,10,6,8.31423873244377,4.2174963296770125,-4.096742402766757,-0.8511042743809022,0.0,1.0,0.0,-4.096742402766757,8.31423873244377,6.2658675310603895,-2.0483712013833797,-0.3957900769896598,0.0,1.0,0.0,-2.0483712013833797,6.448662459358289,2.5193382782369573,-3.9293241811213315,-0.6073565791134485,-0.8511042743809022,-0.2551170608292024
B18NEVBC3NE,NEVBC Boys 18 Blue,NEVBC,18,B,10,6,-7.924865591397844,-12.095900431073334,-4.17103483967549,-0.8783775010748199,0.2,0.8,0.0,-4.17103483967549,-7.924865591397844,-10.010383011235588,-2.0855174198377435,-0.39674419178637166,0.0,1.0,0.0,-2.0855174198377435,-5.500000000000002,-10.711775226132742,-5.21177522613274,-0.865471268976703,-0.8783775010748199,-0.26484548627163645
B17HKJVB4NE,Husky 17.4,HKJVB,17,B,10,6,-6.781039995162362,-11.534027709885288,-4.752987714722926,-0.8942746007190064,0.0,1.0,0.0,-4.752987714722926,-6.781039995162362,-9.157533852523825,-2.3764938573614627,-0.5010006941123942,0.0,1.0,0.0,-2.3764938573614627,0.9606082737997741,-11.5465492754947,-12.507157549294474,-1.0546552860328922,-0.8942746007190064,-0.2705160198823113
B17LIFRY1GE,LI Fury 17 1,LIFRY,17,B,7,3,5.927996144836832,4.135911734580767,-1.7920844102560647,-0.8960422051280323,0.0,1.0,0.0,-1.7920844102560647,5.927996144836832,5.617100119236242,-0.3108960256005897,-0.15544801280029485,0.0,1.0,0.0,-0.3108960256005897,11.738081019257349,4.101625264379078,-7.636455754878271,-1.0946323876422666,-0.8960422051280323,-0.2711465286188796
B17RAPTO1GE,NYC Raptors 17 Black,RAPTO,17,B,7,3,-2.900007224703825,-4.712305266503191,-1.812298041799366,-0.906149020899683,0.0,1.0,0.0,-1.812298041799366,-2.900007224703825,-3.782221950103853,-0.8822147254000283,-0.44110736270001416,0.0,1.0,0.0,-0.8822147254000283,1.5338159560160243,-6.169711439785524,-7.703527395801548,-0.9189205263387745,-0.906149020899683,-0.2747516540702384
B17117902XX,Torrimar 17 2,11790,17,B,9,5,4.669223601247886,1.2579114248092034,-3.4113121764386825,-0.9214837561572438,0.25,0.75,0.0,-3.411312176438682,4.669223601247886,3.0849299178264458,-1.58429368342144,-0.36839563905072914,0.25,0.75,0.0,-1.58429368342144,3.500000000001129,3.3099826401858117,-0.1900173598153172,-0.6310821265351404,-0.9214837561572438,-0.28022159095401444
B16RRJVB3NE,Boston United Boys 16 Select 1,RRJVB,16,B,23,19,3.4030078674561226,-11.085773640002635,-14.488781507458757,-0.921736673104613,0.1111111111111111,0.8888888888888888,0.0,-14.488781507458759,3.4030078674561226,-2.815270646690883,-6.218278514147006,-0.33757350810854947,0.0,1.0,0.0,-6.218278514147006,-7.499999999999999,-10.605975044583722,-3.1059750445837233,-0.733335569428243,-0.921736673104613,-0.28031180703637326
B16MVNER1NE,Meraki VB 16 1,MVNER,16,B,7,3,-9.312099239760288,-11.172961603879083,-1.8608623641187947,-0.9304311820593973,0.0,1.0,0.0,-1.8608623641187947,-9.312099239760288,-9.47072213383557,-0.15862289407528252,-0.07931144703764126,0.5,0.5,0.0,-0.15862289407528252,-2.035006533206877,-10.955784965249437,-8.92077843204256,-0.959106729955014,-0.9304311820593973,-0.28341315925532645
B16PVJVB2NE,PV Boys 16 2,PVJVB,16,B,18,14,-10.512280310467862,-21.387133554393206,-10.874853243925344,-0.933379405340633,0.07692307692307693,0.9230769230769231,0.0,-10.874853243925344,-10.512280310467862,-15.46299150379582,-4.950711193327958,-0.3826251658870534,0.0,1.0,0.0,-4.950711193327958,-14.499999999999979,-21.239190857536432,-6.739190857536453,-0.7784073703917583,-0.933379405340633,-0.2844647975781783
B15TTVBC1NE,SLAM 15 1 Boys,TTVBC,15,B,17,13,-8.704605263157903,-22.247626877088287,-13.543021613930383,-0.9584578984068745,0.16666666666666666,0.8333333333333334,0.0,-13.543021613930383,-8.704605263157903,-15.002414525445927,-6.297809262288023,-0.44733387244989486,0.0,1.0,0.0,-6.297809262288023,-12.500000000000007,-23.343545706937395,-10.843545706937388,-0.9522333579426558,-0.9584578984068745,-0.2934103562662502
B16LHVBC2NE,LHV Boys 16-2 Hunters,LHVBC,16,B,17,13,3.230866834372646,-9.194195938876446,-12.425062773249092,-0.959118318202836,0.0,1.0,0.0,-12.425062773249092,3.230866834372646,-3.427526200213766,-6.658393034586412,-0.5179718263149318,0.0,1.0,0.0,-6.65839303458641,7.499999999999998,-13.192063577130632,-20.692063577130632,-1.0292142362559238,-0.959118318202836,-0.29364592959308183
B15SPTMC4GE,Sportime 15 4,SPTMC,15,B,8,4,-14.09442545070267,-17.552708833796196,-3.4582833830935265,-1.048265457935387,0.0,1.0,0.0,-3.4582833830935265,-14.09442545070267,-15.829157095640866,-1.734731644938197,-0.5715597635468012,0.0,1.0,0.0,-1.734731644938197,-4.999999999999998,-18.83265093895369,-13.832650938953693,-1.252629917247587,-1.048265457935387,-0.3254449283704353
B15SJJVB1NE,SMASH Boys 15-1,SJJVB,15,B,18,14,16.179635184843143,5.665135554830097,-10.514499630013045,-1.1095403778166053,0.15384615384615385,0.8461538461538461,0.0,-10.514499630013045,16.179635184843143,12.05234777234773,-4.127287412495413,-0.3928062447867121,0.23076923076923078,0.7692307692307693,0.0,-4.127287412495413,6.999999999999994,4.879972600158794,-2.1200273998411996,-0.8366713861200742,-1.1095403778166053,-0.34730183940797293
B14SPTMC3GE,Sportime 14 3,SPTMC,14,B,8,4,-9.327349873660491,-12.645901038086397,-3.318551164425905,-1.1215261144130861,0.0,1.0,0.0,-3.318551164425905,-9.327349873660491,-10.816972709069471,-1.48962283540898,-0.4749384506859847,0.0,1.0,0.0,-1.48962283540898,-9.241438287959879,-14.11548536687808,-4.874047078918201,-0.9813034233806522,-1.1215261144130861,-0.3515771804286788
B15CORE12GE,CORE Boys 15 Titanium,CORE1,15,B,7,3,1.8789712612905654,-0.4163086743513418,-2.295279935641907,-1.1476399678209535,0.0,1.0,0.0,-2.2952799356419074,1.8789712612905654,0.8875973105954716,-0.9913739506950937,-0.49568697534754685,0.0,1.0,0.0,-0.9913739506950937,8.499999999999996,-1.5796588629900812,-10.079658862990078,-1.1185647163423214,-1.1476399678209535,-0.3608920546364214
B17SYRVB1XL,SVC 17 1 Boys,SYRVB,17,B,8,4,18.581938469510455,15.09259559939122,-3.489342870119234,-1.1616391861563031,0.0,1.0,0.0,-3.489342870119234,18.581938469510455,17.447199129216948,-1.1347393402935069,-0.37473006331064945,0.3333333333333333,0.6666666666666666,0.0,-1.1347393402935069,21.490350659900177,17.496388241380053,-3.9939624185201232,-0.985613109598525,-1.1616391861563031,-0.36588560942758136
B15HKJVB1NE,Husky 15.1,HKJVB,15,B,10,6,-4.356044685335339,-9.982440157339015,-5.626395472003676,-1.1620333174685111,0.0,1.0,0.0,-5.626395472003676,-4.356044685335339,-7.169242421337176,-2.813197736001837,-0.5461993376341535,0.0,1.0,0.0,-2.813197736001837,-1.0368578284608878,-11.00844400412199,-9.971586175661102,-1.1827539406920364,-1.1620333174685111,-0.366026197012922
B17LHVBC1NE,LHV Boys 17-1 Ubuntu,LHVBC,17,B,11,7,12.225564144225615,5.777459647706097,-6.448104496519518,-1.1982691837261696,0.16666666666666666,0.8333333333333334,0.0,-6.448104496519518,12.225564144225615,9.809250859053929,-2.416313285171686,-0.502495309034116,0.16666666666666666,0.8333333333333334,0.0,-2.416313285171686,7.999999999999986,4.462805272132696,-3.5371947278672895,-0.6504995451725627,-1.1982691837261696,-0.378951617506283
B14HKJVB1NE,Husky 14.1,HKJVB,14,B,9,5,-7.66691942322318,-12.30683543756364,-4.63991601434046,-1.2045405424910274,0.25,0.75,0.0,-4.63991601434046,-7.66691942322318,-9.76561331032984,-2.09869388710666,-0.5266186550504877,0.0,1.0,0.0,-2.09869388710666,-0.9649162713573904,-11.507638819619775,-10.542722548262384,-1.3223855580479418,-1.2045405424910274,-0.3811886262347104
B15MCJVB1NE,Mill City 15's,MCJVB,15,B,20,16,17.03958333333334,-0.5287621327612599,-17.5683454660946,-1.2120584775476255,0.13333333333333333,0.8666666666666667,0.0,-17.5683454660946,17.03958333333334,9.22584139801515,-7.813741935318189,-0.4980842341428961,0.0,1.0,0.0,-7.813741935318189,12.499999999999996,-1.6006877764449516,-14.100687776444948,-1.0979192451802675,-1.2120584775476255,-0.383870291719326
B15TACCU1GE,Accuracy 15 Champ,TACCU,15,B,13,9,5.847177419354833,-4.630796053163211,-10.477973472518045,-1.2171764479173988,0.375,0.625,0.0,-10.477973472518045,5.847177419354833,-1.1703225303977707,-7.017499949752604,-0.7903637070809253,0.0,1.0,0.0,-7.0174999497526045,11.999999999999998,-5.2316153745132485,-17.231615374513247,-1.3013032667227455,-1.2171764479173988,-0.38569588403803867
B16HKJVB2NE,Husky 16.2,HKJVB,16,B,10,6,-5.899901081596761,-11.789841909320488,-5.889940827723727,-1.2188336072928967,0.0,1.0,0.0,-5.889940827723727,-5.899901081596761,-8.844871495458623,-2.9449704138618618,-0.5863435038228145,0.0,1.0,0.0,-2.9449704138618618,-5.4522769892050205,-13.792125627840804,-8.339848638635782,-1.0825821501416995,-1.2188336072928967,-0.3862869967659785
B18SPTMC3GE,Sportime 18 3,SPTMC,18,B,8,4,-3.9379563286217047,-7.379811120913844,-3.4418547922921396,-1.22839790835713,0.0,1.0,0.0,-3.4418547922921396,-3.9379563286217047,-5.005312907876531,-1.0673565792548265,-0.35223510812100634,0.3333333333333333,0.6666666666666666,0.0,-1.0673565792548265,-5.499999999999233,-4.677194419660871,0.822805580338362,-0.8056188386033435,-1.22839790835713,-0.38969860591866945
B15SPTMC3GE,Sportime 15 3,SPTMC,15,B,7,3,-17.444161841436653,-20.00744009032254,-2.5632782488858865,-1.2816391244429433,0.0,1.0,0.0,-2.5632782488858865,-17.444161841436653,-17.267219112135155,0.1769427293014978,0.0884713646507489,1.0,0.0,0.0,0.1769427293014978,-11.500000000000082,-16.764700771782582,-5.2647007717825005,-0.8158312251641542,-1.2816391244429433,-0.4086898755241418
B17CAMYV1NE,CYVB 17 1,CAMYV,17,B,13,9,5.129361321942655,-3.5891961580083036,-8.71855747995096,-1.2878892239288828,0.25,0.75,0.0,-8.71855747995096,5.129361321942655,1.6886299908228286,-3.440731331119826,-0.5073120365967242,0.125,0.875,0.0,-3.440731331119826,3.000000000000001,-5.2654482760072,-8.265448276007202,-0.9958021349842221,-1.2878892239288828,-0.41091930101673746
B16LHVBC1NE,LHV Boys 16-1 Valiants,LHVBC,16,B,19,15,13.698075162020956,-1.6415248828259568,-15.339600044846913,-1.3556350679404026,0.07142857142857142,0.9285714285714286,0.0,-15.339600044846913,13.698075162020956,5.892778732061645,-7.805296429959311,-0.6542946469329345,0.07142857142857142,0.9285714285714286,0.0,-7.805296429959311,12.500000000000005,-1.9400081678519223,-14.440008167851929,-1.1583996845438407,-1.3556350679404026,-0.4350844062276958
B16NESVC2NE,NE Storm 16 Monsoon,NESVC,16,B,18,14,9.951587877673049,-8.70932390408812,-18.66091178176117,-1.375864645594714,0.07692307692307693,0.9230769230769231,0.0,-18.660911781761165,9.951587877673049,1.8609816914548587,-8.09060618621819,-0.6128495375193239,0.0,1.0,0.0,-8.090606186218189,16.33333333333333,-8.81835683980924,-25.15169017314257,-1.3273379440592559,-1.375864645594714,-0.44230034514649597
B15SJJVB2NE,SMASH Boys 15 Lightning,SJJVB,15,B,15,11,1.1922755357142842,-10.336466429069002,-11.528741964783286,-1.3769229080332297,0.1,0.9,0.0,-11.528741964783286,1.1922755357142842,-3.3960709014867008,-4.588346437200985,-0.5567374160815202,0.2,0.8,0.0,-4.588346437200984,4.49999999999995,-10.914401030148339,-15.414401030148289,-1.1668566646019707,-1.3769229080332297,-0.4426778298991132
B17SPTMC4GE,Sportime 17 4,SPTMC,17,B,7,3,-6.931906211307792,-9.79325633026932,-2.8613501189615285,-1.4306750594807642,0.0,1.0,0.0,-2.8613501189615285,-6.931906211307792,-8.86356761590668,-1.9316614045988878,-0.9658307022994439,0.0,1.0,0.0,-1.9316614045988878,-6.610229246563156,-14.072417601516381,-7.462188354953225,-1.453931677333572,-1.4306750594807642,-0.46185135137482414
B17LHVBC2NE,LHV Boys 17-2 Boom,LHVBC,17,B,17,13,1.0367022961585015,-16.892265173619244,-17.928967469777746,-1.495546073227205,0.25,0.75,0.0,-17.928967469777746,1.0367022961585015,-11.629414261278894,-12.666116557437396,-0.9947726003490873,0.0,1.0,0.0,-12.666116557437395,-0.9999999999999805,-18.26646000109337,-17.266460001093392,-1.4046748725025184,-1.495546073227205,-0.4849909977280042
B15SJVBC1NE,South County Juniors Boys 15 1,SJVBC,15,B,15,11,-4.209166666666669,-17.82418491062356,-13.615018243956893,-1.5169427871015453,0.2,0.8,0.0,-13.615018243956893,-4.209166666666669,-10.470318898553996,-6.261152231887327,-0.669744106614685,0.0,1.0,0.0,-6.261152231887327,-0.9999999999999974,-20.071642931319207,-19.07164293131921,-1.3115384101365821,-1.5169427871015453,-0.4926232569386841
B15SAVBC1XL,Sporting Albany Boys 15u,SAVBC,15,B,15,11,-2.618109472329475,-15.381328167003208,-12.763218694673732,-1.518787089409292,0.1,0.9,0.0,-12.763218694673734,-2.618109472329475,-8.367389053839512,-5.749279581510036,-0.664935843872976,0.2,0.8,0.0,-5.749279581510037,-4.4999999999999645,-15.899682995385424,-11.39968299538546,-1.2931950259346252,-1.518787089409292,-0.49328112399987145
B17MVNER2NE,Meraki VB 17 2,MVNER,17,B,15,11,-4.703924070301153,-20.987757245014205,-16.283833174713052,-1.573372144042198,0.3,0.7,0.0,-16.283833174713052,-4.703924070301153,-15.756984720919156,-11.053060650618004,-1.0320965508659414,0.0,1.0,0.0,-11.053060650618002,-1.9999999999999944,-21.27734218857561,-19.277342188575616,-1.5555342511519379,-1.573372144042198,-0.5127517440415346
B16118971XX,Supreme 16-1,11897,16,B,17,13,12.21081444050984,-4.278571636960097,-16.489386077469938,-1.5809148049262998,0.0,1.0,0.0,-16.489386077469938,12.21081444050984,3.9228734989396914,-8.287940941570149,-0.7462978644630226,0.0,1.0,0.0,-8.287940941570149,15.0,-4.0192090469895545,-19.019209046989555,-1.3427099679665953,-1.5809148049262998,-0.5154422292881854
B15SPTMC5GE,Sportime 15 Lynbrook,SPTMC,15,B,7,3,-15.401656325067668,-18.63453073244176,-3.2328744073740925,-1.6164372036870462,0.0,1.0,0.0,-3.2328744073740925,-15.401656325067668,-16.911677987168037,-1.5100216621003693,-0.7550108310501846,0.0,1.0,0.0,-1.5100216621003693,-8.500000000000012,-21.835578741042294,-13.335578741042282,-1.935570887739244,-1.6164372036870462,-0.5281131542124227
B18XTREM2GE,Xtreme 18 National Kelly,XTREM,18,B,9,5,19.12149402932508,12.28735470718189,-6.834139322143191,-1.7237820917937376,0.0,1.0,0.0,-6.834139322143191,19.12149402932508,15.945264231668226,-3.1762297976568554,-0.7893980376689669,0.0,1.0,0.0,-3.1762297976568554,27.227676573658616,11.029655108430912,-16.198021465227704,-1.8960227039107624,-1.7237820917937376,-0.5664033335260888
B16NEVBC2NE,NEVBC Boys 16.2,NEVBC,16,B,11,7,8.586119700572429,-1.0114135361955618,-9.59753323676799,-1.7365307471962106,0.0,1.0,0.0,-9.59753323676799,8.586119700572429,3.829474238744206,-4.756645461828223,-0.814476595659612,0.0,1.0,0.0,-4.756645461828223,6.498224913220499,-2.677920969798431,-9.176145883018929,-1.3900306285453639,-1.7365307471962106,-0.5709508095165957
B15LCVBC1GE,Legacy Boys 15 Premier,LCVBC,15,B,8,4,-8.813946120082422,-13.972511632829313,-5.1585655127468915,-1.8134322749741103,0.0,1.0,0.0,-5.1585655127468915,-8.813946120082422,-10.713153335574466,-1.8992072154920443,-0.6414897589141277,0.0,1.0,0.0,-1.8992072154920443,-4.333333333334967,-13.445565540681883,-9.112232207346917,-1.7011322983251997,-1.8134322749741103,-0.5983817691090452
B17NYCIV1GE,NYC Impact 17U National,NYCIV,17,B,7,3,20.82480302587319,17.141101324457626,-3.683701701415565,-1.8418508507077824,0.0,1.0,0.0,-3.683701701415565,20.82480302587319,19.468290083409045,-1.3565129424641462,-0.6782564712320731,0.0,1.0,0.0,-1.3565129424641462,25.3471863076688,15.44890053680733,-9.89828577086147,-1.809563003254844,-1.8418508507077824,-0.6085187433038459
B17RIVAL1GE,Rival 17’s,RIVAL,17,B,7,3,-5.911006557485065,-9.612691447886842,-3.7016848904017774,-1.8508424452008887,0.0,1.0,0.0,-3.7016848904017774,-5.911006557485065,-7.223351034204841,-1.312344476719776,-0.656172238359888,0.0,1.0,0.0,-1.312344476719776,2.5000000000002234,-8.924477219599527,-11.424477219599751,-2.0030941241783085,-1.8508424452008887,-0.6117260666475959
B17SPTMC6GE,Sportime 17 Lynbrook 2,SPTMC,17,B,7,3,-5.421053091668878,-9.129628618321602,-3.708575526652724,-1.854287763326362,0.0,1.0,0.0,-3.708575526652724,-5.421053091668878,-6.746244156550614,-1.3251910648817358,-0.6625955324408679,0.0,1.0,0.0,-1.3251910648817358,-3.4999999999988423,-9.413663071745058,-5.913663071746216,-1.8334545604163208,-1.854287763326362,-0.61295501989487
B16NEVBC3NE,NEVBC Boys 16 Blue,NEVBC,16,B,10,6,-12.130552562947248,-21.966269781524264,-9.835717218577017,-1.9720217839736571,0.0,1.0,0.0,-9.835717218577017,-12.130552562947248,-17.04841117223576,-4.917858609288512,-0.9691436501615,0.0,1.0,0.0,-4.917858609288512,-12.499999999999995,-19.836772670596265,-7.33677267059627,-1.3552561876135727,-1.9720217839736571,-0.6549510277291992
B16MVPVA2NE,MVP BOS 16 Blue,MVPVA,16,B,17,13,5.1276472606548475,-19.101520982445646,-24.229168243100492,-2.106534708514142,0.0,1.0,0.0,-24.2291682431005,5.1276472606548475,-9.70863686070804,-14.836284121362887,-1.251457734965622,0.0,1.0,0.0,-14.836284121362887,10.999999999999998,-19.28110558392006,-30.28110558392006,-2.010325939514164,-2.106534708514142,-0.7029321108669602
B15DIGSV1GE,Digs Boys 15 Red,DIGSV,15,B,7,3,-17.414464694354034,-21.69721378926538,-4.282749094911345,-2.1413745474556727,0.0,1.0,0.0,-4.282749094911345,-17.414464694354034,-19.68241119448152,-2.2679465001274863,-1.1339732500637432,0.0,1.0,0.0,-2.2679465001274863,-14.835533960968785,-25.221061456242108,-10.385527495273323,-2.0879717790163848,-2.1413745474556727,-0.7153595650649147
B15NYCIV1GE,NYC Impact 15 National,NYCIV,15,B,8,4,0.92705518901388,-6.741192922928711,-7.668248111942591,-2.6445641634785133,0.0,1.0,0.0,-7.6682481119425905,0.92705518901388,-1.8797316688386385,-2.8067868578525186,-0.9314181053301462,0.0,1.0,0.0,-2.8067868578525186,11.500000000000306,-6.813574703110657,-18.313574703110962,-2.650294525861985,-2.6445641634785133,-0.8948485092160277
B15NEVBC3NE,NEVBC Boys 15 Blue,NEVBC,15,B,10,6,-12.620394736842115,-26.042793776940755,-13.42239904009864,-2.6804002862696388,0.0,1.0,0.0,-13.42239904009864,-12.620394736842115,-19.33159425689144,-6.711199520049323,-1.3175863656289035,0.0,1.0,0.0,-6.711199520049323,-12.000000000000005,-27.10422605283994,-15.104226052839936,-2.1829532001216823,-2.6804002862696388,-0.907631340255126
B16NEVBC4NE,NEVBC Boys 16 Orange,NEVBC,16,B,10,6,-8.671431722852821,-23.694374636865234,-15.022942914012413,-3.122370182569463,0.0,1.0,0.0,-15.022942914012413,-8.671431722852821,-16.18290317985903,-7.511471457006207,-1.4983279736051616,0.0,1.0,0.0,-7.511471457006207,-15.333333333333314,-25.08338184143637,-9.750048508103056,-2.2068620694848367,-3.122370182569463,-1.065283063397663
B17MMVBC1NE,Mayhem 17 1,MMVBC,17,B,10,6,6.199845535901806,-9.35785394471686,-15.557699480618666,-3.2816692299030876,0.0,1.0,0.0,-15.557699480618666,6.199845535901806,-1.5790042044075272,-7.778849740309333,-1.5435968481794546,0.0,1.0,0.0,-7.778849740309334,1.0000000000000253,-9.736541360187559,-10.736541360187584,-2.2358838708957207,-3.2816692299030876,-1.1221054160451243
B18NYCIV2GE,NYC Impact 18 Travel,NYCIV,18,B,7,3,19.404223181515373,12.13249893080048,-7.271724250714893,-3.6358621253574466,0.0,1.0,0.0,-7.271724250714893,19.404223181515373,16.440071008555456,-2.964152172959917,-1.4820760864799585,0.0,1.0,0.0,-2.964152172959917,26.15225309163774,8.238194580547106,-17.914058511090634,-3.3688340753168053,-3.6358621253574466,-1.2484468722409188
