team_code,team_name,club,age,gender,matches_played,checkpoint_count,rolling_start_rating,rolling_end_rating,rolling_rating_delta,rolling_trend_slope,pct_up_steps,pct_down_steps,pct_flat_steps,net_step_movement,expanding_start_rating,expanding_end_rating,expanding_rating_delta,expanding_trend_slope,expanding_pct_up_steps,expanding_pct_down_steps,expanding_pct_flat_steps,expanding_net_step_movement,massey_start_rating,massey_end_rating,massey_rating_delta,massey_rating_slope,massey_trend_raw,massey_trend_z
B18MMVBC1NE,Mayhem 18 1,MMVBC,18,B,10,6,-6.951864035087722,10.711154773119947,17.663018808207667,3.6676522083211522,1.0,0.0,0.0,17.663018808207667,-6.951864035087722,1.8796453690161115,8.831509404103834,1.7444058295571694,1.0,0.0,0.0,8.831509404103834,-5.999999999999986,11.139690426634612,17.139690426634598,2.952465940937865,3.6676522083211522,1.3454122640042536
B18PWRSP1SU,PSA Power 18,PWRSP,18,B,8,4,8.039925489475374,18.71469380887233,10.674768319396955,3.6222860015225784,1.0,0.0,0.0,10.674768319396955,8.039925489475374,12.335841136770972,4.2959156472955975,1.433795286501227,1.0,0.0,0.0,4.2959156472955975,2.0000000000000173,20.1739204475781,18.173920447578084,3.2934336401873003,3.6222860015225784,1.3295173435763936
B18MVNER1NE,Meraki VB 18 1,MVNER,18,B,10,6,-0.4638157894736857,17.002342050393782,17.466157839867467,3.402601951056445,1.0,0.0,0.0,17.46615783986747,-0.4638157894736857,8.26926313046005,8.733078919933735,1.6994285203731383,1.0,0.0,0.0,8.733078919933735,-8.00000000000002,16.12515249399528,24.1251524939953,2.771141824766677,3.402601951056445,1.2525468241557802
B17SJJVB2NE,SMASH Boys 17 Chaos,SJJVB,17,B,11,7,-1.108539717921871,17.41317944078188,18.521719158703753,3.2650285180989136,0.8333333333333334,0.16666666666666666,0.0,18.521719158703753,-1.108539717921871,9.314983159580947,10.423522877502819,1.6394460380572558,1.0,0.0,0.0,10.423522877502819,-3.2750000000001513,17.36505716174264,20.640057161742792,2.6163765525328246,3.2650285180989136,1.204345334012323
B18DIGSV1GE,Digs Boys 18 Red,DIGSV,18,B,7,3,6.635731089948098,13.094509016053985,6.4587779261058875,3.2293889630529438,1.0,0.0,0.0,6.4587779261058875,6.635731089948098,8.915889907936934,2.280158817988837,1.1400794089944184,1.0,0.0,0.0,2.280158817988837,-1.9999999999998828,14.812759828864253,16.812759828864138,3.1202179278388202,3.2293889630529438,1.191858332530025
B18NYCIV1GE,NYC Impact 18 National,NYCIV,18,B,8,4,7.354931875338643,16.638992683464352,9.284060808125709,3.0827910318974494,1.0,0.0,0.0,9.284060808125709,7.354931875338643,11.08687042716513,3.7319385518264863,1.236750872691058,1.0,0.0,0.0,3.7319385518264863,2.000000000000826,18.005596106508982,16.005596106508158,2.778951841829685,3.0827910318974494,1.140494936402343
B18SJJVB2NE,SMASH Boys 18's Force,SJJVB,18,B,10,6,0.5444522000203845,15.986852333889129,15.442400133868745,3.0288029562483296,1.0,0.0,0.0,15.442400133868745,0.5444522000203845,8.265652266954756,7.721200066934371,1.4908568664216635,1.0,0.0,0.0,7.721200066934371,-0.9999999999999738,16.123270905857716,17.12327090585769,2.348875880494223,3.0288029562483296,1.1215791789023566
B15ALLIN1FL,AVA 15 Boys,ALLIN,15,B,8,4,-11.848929315890746,-3.1634854269447508,8.685443888945995,2.9151806605145603,1.0,0.0,0.0,8.685443888945995,-11.848929315890746,-7.927976524131639,3.920952791759108,1.2953225115122962,1.0,0.0,0.0,3.920952791759108,-19.373950985484065,-2.4746174223555664,16.899333563128497,2.7194410145738837,2.9151806605145603,1.0817694289371949
B14COQUI1PU,BORINQUEN COQUI 14M Pirito,COQUI,14,B,8,4,17.432045369609643,24.631578548322548,7.199533178712905,2.519531988549164,1.0,0.0,0.0,7.199533178712905,17.432045369609643,20.73848781381539,3.3064424442057465,1.1079204258056101,1.0,0.0,0.0,3.3064424442057465,14.500000000000048,27.399913213985812,12.899913213985764,2.321864821919668,2.519531988549164,0.9431463303342899
B14ROCVC1GE,Rockland VBC 14 1,ROCVC,14,B,7,3,-19.993157669870392,-14.991860830386562,5.00129683948383,2.500648419741915,1.0,0.0,0.0,5.00129683948383,-19.993157669870392,-18.581681657045596,1.4114760128247958,0.7057380064123979,1.0,0.0,0.0,1.4114760128247958,-27.87498286704607,-15.945647481941418,11.929335385104654,2.202141616726822,2.500648419741915,0.9365301099189942
B17NEVBC1NE,NEVBC Boys 17.1,NEVBC,17,B,10,6,3.179466504373395,15.533919112287373,12.354452607913977,2.4178546135121572,1.0,0.0,0.0,12.354452607913979,3.179466504373395,9.356692808330385,6.1772263039569895,1.1929102515565189,1.0,0.0,0.0,6.1772263039569895,0.99999999999996,13.627523986559229,12.627523986559268,1.8000789492341978,2.4178546135121572,0.9075217123735545
B18DSTJN1GE,Downstate (N-B) 18 Cobras,DSTJN,18,B,7,3,2.221443047855747,7.022529011594303,4.801085963738556,2.400542981869278,1.0,0.0,0.0,4.801085963738556,2.221443047855747,3.9446635797098124,1.7232205318540652,0.8616102659270326,1.0,0.0,0.0,1.7232205318540652,-1.999999999999155,7.56812566546789,9.568125665467045,2.526719804884199,2.400542981869278,0.9014562502849621
B18SPTMC2GE,Sportime 18 2,SPTMC,18,B,8,4,-4.381546492499628,2.4972337141650036,6.878780206664631,2.2944658224845584,1.0,0.0,0.0,6.878780206664631,-4.381546492499628,-1.6195561472024438,2.761990345297184,0.9277849296772397,1.0,0.0,0.0,2.761990345297184,-6.069986299019541,4.340531682547177,10.410517981566718,2.00433383222958,2.2944658224845584,0.8642900835141808
B18LEGIO1XL,TeamLVC Boys 18 Black,LEGIO,18,B,17,13,0.2713254250278544,19.132098306597833,18.86077288156998,1.8679998119011467,0.5833333333333334,0.4166666666666667,0.0,18.86077288156998,0.2713254250278544,12.297964701573656,12.026639276545803,1.1066585767246722,1.0,0.0,0.0,12.0266392765458,-4.333333333333301,18.913466180718615,23.246799514051915,1.6375662056398577,1.8679998119011467,0.7148695394182757
B18PVJVB1NE,PV Boys 18 1,PVJVB,18,B,10,6,11.033405323929799,20.45763067276197,9.42422534883217,1.854501147318444,1.0,0.0,0.0,9.42422534883217,11.033405323929799,15.745517998345884,4.712112674416085,0.9000177629101795,1.0,0.0,0.0,4.712112674416085,13.36111111111093,20.506033816470698,7.144922705359768,1.219662730601718,1.854501147318444,0.7101400234510914
B14SPTMC2GE,Sportime 14 2,SPTMC,14,B,7,3,-10.428061308995709,-6.829262405989306,3.5987989030064025,1.7993994515032012,1.0,0.0,0.0,3.5987989030064025,-10.428061308995709,-9.252390852795925,1.175670456199784,0.587835228099892,1.0,0.0,0.0,1.175670456199784,-14.00000000000007,-6.329222908658348,7.670777091341721,1.7307465939647664,1.7993994515032012,0.6908340877727537
B18CORE11GE,CORE Boys 18 Platinum,CORE1,18,B,7,3,11.980402039484428,15.55633320777084,3.575931168286411,1.7879655841432056,1.0,0.0,0.0,3.575931168286411,11.980402039484428,13.754523719835676,1.7741216803512483,0.8870608401756241,1.0,0.0,0.0,1.7741216803512483,7.499999999999534,17.155744165004744,9.65574416500521,1.9177163772865704,1.7879655841432056,0.6868280131040744
B161130588XX,NY Strangers 16,113058,16,B,8,4,7.992098043680438,13.293686345976017,5.3015883022955785,1.7733477561874746,1.0,0.0,0.0,5.3015883022955785,7.992098043680438,10.027303966235095,2.035205922554657,0.6724506552255458,1.0,0.0,0.0,2.035205922554657,5.000000000000597,14.206817758143352,9.206817758142755,1.6218265495005302,1.7733477561874746,0.681706376789711
B14LCVBC1GE,Legacy Boys 14 Premier,LCVBC,14,B,8,4,-21.924790769829407,-16.940634416351163,4.9841563534782445,1.707355307336601,1.0,0.0,0.0,4.9841563534782445,-21.924790769829407,-19.70490458593627,2.219886183893138,0.7452274931966432,1.0,0.0,0.0,2.219886183893138,-25.612147857528907,-13.994321590656366,11.617826266872541,1.7261463954301857,1.707355307336601,0.6585846569602004
B18LCVBC5GE,Legacy Boys 18 Premier Billy,LCVBC,18,B,7,3,-15.16166503016847,-11.975382698990014,3.1862823311784556,1.5931411655892278,1.0,0.0,0.0,3.1862823311784556,-15.16166503016847,-13.893758045960988,1.2679069842074817,0.6339534921037409,1.0,0.0,0.0,1.2679069842074817,-20.67176215037161,-12.344485844377875,8.327276305993735,1.529813236913654,1.5931411655892278,0.6185675423957996
B17HKJVB2NE,Husky 17.2,HKJVB,17,B,10,6,-6.157434318777542,0.8407824405230648,6.9982167593006075,1.5833696535095965,1.0,0.0,0.0,6.9982167593006075,-6.157434318777542,-2.6583259391272387,3.4991083796503037,0.681939149035242,1.0,0.0,0.0,3.4991083796503037,-1.692573146133497,0.46462296842838025,2.157196114561877,1.103252078397174,1.5833696535095965,0.6151439057744876
B18PVJVB2NE,PV Boys 18 2,PVJVB,18,B,19,15,-9.837077740044702,10.164451920150057,20.00152966019476,1.4674712518389383,1.0,0.0,0.0,20.001529660194763,-9.837077740044702,2.0495466130867412,11.886624353131443,0.8207136631259019,1.0,0.0,0.0,11.886624353131443,-11.499999999999977,10.8211851241144,22.32118512411438,1.3682509759484387,1.4674712518389383,0.5745366784510608
B16LIFRY1GE,LI Fury 16 1,LIFRY,16,B,7,3,-1.2693717742061543,1.5836933850355233,2.8530651592416776,1.4265325796208388,1.0,0.0,0.0,2.8530651592416776,-1.2693717742061543,-0.1715141289052497,1.0978576453009046,0.5489288226504523,1.0,0.0,0.0,1.0978576453009046,-5.562709039855852,2.074628036574064,7.637337076429915,1.5037715303391208,1.4265325796208388,0.5601930296593925
B16SPTMC6GE,Sportime 16 Lynbrook,SPTMC,16,B,8,4,-0.31223207874048775,3.6678774676421826,3.9801095463826703,1.299477302637444,1.0,0.0,0.0,3.9801095463826703,-0.31223207874048775,0.9799234172765252,1.292155496017013,0.4387259201083465,1.0,0.0,0.0,1.292155496017013,-4.999999999999061,2.8871277326466416,7.887127732645703,1.1869555828473755,1.299477302637444,0.5156767771422377
B16SYRVB1XL,SVC 16 1 Boys,SYRVB,16,B,8,4,8.973813896294237,12.671484863712248,3.697670967418011,1.2197068094878016,1.0,0.0,0.0,3.697670967418011,8.973813896294237,10.62316379063123,1.6493498943369929,0.5438078999318279,1.0,0.0,0.0,1.6493498943369929,3.9864537796981705,11.88336362686126,7.896909847163091,1.1904364758078747,1.2197068094878016,0.48772765530504275
B18MCJVB1NE,Mill City 18's,MCJVB,18,B,20,16,-1.2476973684210344,10.094388349635398,11.342085718056433,1.210808396268178,0.4666666666666667,0.5333333333333333,0.0,11.342085718056431,-1.2476973684210344,4.679251763189923,5.926949131610957,0.5138249809113549,0.6666666666666666,0.3333333333333333,0.0,5.926949131610956,5.999999999999988,8.973883018824466,2.9738830188244787,0.8858613632451868,1.210808396268178,0.4846099256106001
B16SJJVB1NE,SMASH Boys 16-1,SJJVB,16,B,11,7,11.430870967741917,18.597053702439275,7.166182734697358,1.2020733680420777,1.0,0.0,0.0,7.166182734697358,11.430870967741917,14.995446525259307,3.56457555751739,0.6096127403274353,1.0,0.0,0.0,3.56457555751739,7.500000000000007,19.684669415357515,12.184669415357508,1.1295873428193808,1.2020733680420777,0.48154944098146996
B18SJJVB1NE,SMASH Boys 18-1,SJJVB,18,B,6,2,29.75514788860075,30.935898013105174,1.1807501245044243,1.1807501245044243,1.0,0.0,0.0,1.1807501245044243,29.75514788860075,30.350697030219592,0.595549141618843,0.595549141618843,1.0,0.0,0.0,0.595549141618843,27.42469211579168,33.32844273831382,5.903750622522139,1.3114462068959702,1.1807501245044243,0.47407843374474556
B18SLCTD1SC,Selected 18s - Bubba,SLCTD,18,B,7,3,-2.9532764044152007,-0.6218258883642838,2.331450516050917,1.1657252580254585,1.0,0.0,0.0,2.331450516050917,-2.9532764044152007,-1.8061884030417197,1.147088001373481,0.5735440006867405,1.0,0.0,0.0,1.147088001373481,-4.152103047927647,-0.4547713244140692,3.697331723513578,0.9423158987956738,1.1657252580254585,0.46881418367899197
B17SJJVB3NE,SMASH Boys 17's Shock,SJJVB,17,B,10,6,0.8353333333333094,5.996507544546501,5.161174211213191,1.0891987232942495,0.8,0.2,0.0,5.161174211213192,0.8353333333333094,3.415920438939905,2.580587105606596,0.529543444195408,1.0,0.0,0.0,2.580587105606596,5.999999999999968,8.323741964727743,2.323741964727775,0.7192371930390167,1.0891987232942495,0.44200164487509364
B16ALLIN1FL,AVA 16 Boys,ALLIN,16,B,8,4,-8.754236248200167,-5.4867461532655835,3.2674900949345833,1.0836772080275519,1.0,0.0,0.0,3.2674900949345833,-8.754236248200167,-7.929216345791001,0.8250199024091653,0.2707357202152648,1.0,0.0,0.0,0.8250199024091653,-12.999999999999922,-5.87779882098306,7.122201179016862,1.038092900307673,1.0836772080275519,0.44006707612891116
B18VENGE1OV,18 - Lusher,VENGE,18,B,9,5,13.522885838871668,17.29125175520805,3.768365916336384,1.0161057997809053,1.0,0.0,0.0,3.768365916336384,13.522885838871668,15.124338215653502,1.6014523767818343,0.3853956547485202,1.0,0.0,0.0,1.6014523767818343,13.16534044668006,18.360260212946745,5.194919766266684,0.9302180385113302,1.0161057997809053,0.41639213759927723
B14NEVBC1NE,NEVBC Boys 14.1,NEVBC,14,B,12,8,8.397011402102006,15.818976234062347,7.4219648319603415,0.9958152984620757,1.0,0.0,0.0,7.4219648319603415,8.397011402102006,12.480548212098883,4.083536809996877,0.5668406033362039,1.0,0.0,0.0,4.083536809996877,2.4301416531890165,16.76163893157471,14.331497278385692,1.1391616782739118,0.9958152984620757,0.40928297140127096
B17HKJVB3NE,Husky 17.3,HKJVB,17,B,12,8,-11.87024017843103,-4.369765681069769,7.500474497361262,0.9869535137867783,1.0,0.0,0.0,7.500474497361262,-11.87024017843103,-7.917918870659424,3.952321307771607,0.5745003417559738,1.0,0.0,0.0,3.952321307771607,-22.56781002905894,-4.988408506729239,17.5794015223297,1.1319986976584602,0.9869535137867783,0.4061780752196684
B18LCVBC1GE,Legacy Boys 18 National,LCVBC,18,B,8,4,11.162413105594277,14.034682255742684,2.872269150148407,0.9599945786225431,1.0,0.0,0.0,2.872269150148407,11.162413105594277,12.281405951008283,1.118992845414006,0.3916788630960076,1.0,0.0,0.0,1.118992845414006,4.034051632900031,14.311981373039407,10.277929740139376,1.1252304024600983,0.9599945786225431,0.3967324953597973
B16NEVBC1NE,NEVBC Boys 16.1,NEVBC,16,B,10,6,3.1135222070869304,8.33129095774045,5.217768750653519,0.9368742854150085,0.8,0.2,0.0,5.217768750653519,3.1135222070869304,5.72240658241369,2.6088843753267597,0.4713540965100643,1.0,0.0,0.0,2.6088843753267597,-7.499999999999998,6.582875036528172,14.08287503652817,0.9902062084585381,0.9368742854150085,0.3886318573136358
B14CORE11GE,CORE Boys 14 Platinum,CORE1,14,B,8,4,10.238403491883616,12.617097926454736,2.37869443457112,0.8623992525297763,0.6666666666666666,0.3333333333333333,0.0,2.37869443457112,10.238403491883616,11.43406416827115,1.1956606763875328,0.41557288094945993,1.0,0.0,0.0,1.1956606763875328,13.999999999999915,13.649439707324841,-0.35056029267507327,0.5940985811769905,0.8623992525297763,0.36253810151807214
B18UNVBC1NE,Unity 18 Boys National Vikings,UNVBC,18,B,12,8,-4.327123902332181,2.2739646025041225,6.601088504836303,0.8395832333504659,0.8571428571428571,0.14285714285714285,0.0,6.601088504836303,-4.327123902332181,-0.564261934523849,3.7628619678083317,0.4813739016251781,1.0,0.0,0.0,3.762861967808332,-7.500000000000382,4.091116310330961,11.591116310331344,1.0760207085078557,0.8395832333504659,0.35454407171201247
B17SJJVB1NE,SMASH Boys 17-1,SJJVB,17,B,6,2,22.810667241420237,23.622444004210294,0.811776762790057,0.811776762790057,1.0,0.0,0.0,0.811776762790057,22.810667241420237,23.368692445228117,0.5580252038078797,0.5580252038078797,1.0,0.0,0.0,0.5580252038078797,22.09993465031722,26.158818464267497,4.058883813950278,1.0895383714984608,0.811776762790057,0.3448015415749936
B17CORE11GE,CORE Boys 17 Platinum,CORE1,17,B,7,3,12.62631743211578,14.222185518627228,1.595868086511448,0.797934043255724,1.0,0.0,0.0,1.595868086511448,12.62631743211578,13.112911157836177,0.4865937257203967,0.24329686286019836,1.0,0.0,0.0,0.4865937257203967,7.90595765087551,14.353048026430363,6.447090375554853,0.8583288249310083,0.797934043255724,0.33995147935841163
B18NYCVA1GE,NYC VBA 18 Riverside,NYCVA,18,B,12,8,6.493698345425059,11.771898559451719,5.2782002140266595,0.7422947538594673,1.0,0.0,0.0,5.2782002140266595,6.493698345425059,9.265214499991114,2.7715161545660543,0.3857433341771925,1.0,0.0,0.0,2.7715161545660543,5.139188375782839,12.737982639505407,7.598794263722568,0.7874128421380958,0.7422947538594673,0.32045718746085805
B18LCVBC2GE,Legacy Boys 18 Premier Anthony,LCVBC,18,B,8,4,-3.568193065351872,-1.3600744153633983,2.2081186499884735,0.7272308562161893,1.0,0.0,0.0,2.2081186499884735,-3.568193065351872,-2.644168735264063,0.9240243300878088,0.3127434499999689,1.0,0.0,0.0,0.9240243300878088,-4.4999999999992255,-0.09841086374985059,4.401589136249375,0.6730512284817128,0.7272308562161893,0.3151792620782832
B18PVJVB3NE,PV Boys 18 3,PVJVB,18,B,17,13,-9.499893939394001,-0.18549677219449473,9.314397167199505,0.7185873906557673,1.0,0.0,0.0,9.314397167199507,-9.499893939394001,-4.498050612007766,5.001843327386235,0.43364213467813534,1.0,0.0,0.0,5.001843327386235,-14.500000000000005,-0.48606191269565135,14.013938087304354,0.8100866176231508,0.7185873906557673,0.3121508581847451
B18SAVBC1XL,Sporting Albany Boys 18u,SAVBC,18,B,18,14,-14.767912457912416,-5.5598376543499,9.208074803562516,0.6998608155396541,0.6153846153846154,0.38461538461538464,0.0,9.208074803562518,-14.767912457912416,-8.112879274748188,6.655033183164228,0.5029132125298792,1.0,0.0,0.0,6.655033183164228,-17.403703703703446,-5.634527863158948,11.769175840544499,0.6832110087902801,0.6998608155396541,0.3055896435194202
B18CAPIT1XL,CSVC 18 HAYSTACK,CAPIT,18,B,28,24,-4.979004692018402,11.307539771567127,16.28654446358553,0.6877590005983071,0.5652173913043478,0.43478260869565216,0.0,16.286544463585535,-4.979004692018402,8.000329549405317,12.979334241423718,0.5634805849111645,1.0,0.0,0.0,12.97933424142372,-4.666666666666635,11.256857788095314,15.92352445476195,0.67137399356158,0.6877590005983071,0.3013495406080292
B18LHVBC1NE,LHV Boys 18-1 Rafiki,LHVBC,18,B,22,18,-1.3528508771930194,12.746454490660312,14.099305367853331,0.6546085681666213,0.7058823529411765,0.29411764705882354,0.0,14.099305367853331,-1.3528508771930194,9.405223041034246,10.758073918227264,0.5486611463275656,1.0,0.0,0.0,10.758073918227264,-2.9999999999999987,12.849519537326088,15.849519537326087,0.7204244454754595,0.6546085681666213,0.2897346509614176
B14RRJVB1NE,Boston United Boys 14-1,RRJVB,14,B,24,20,-10.01666666666667,1.2316533335210547,11.248320000187723,0.6066438151187267,1.0,0.0,0.0,11.248320000187723,-10.01666666666667,-3.992132161713539,6.024534504953131,0.31741819478558053,1.0,0.0,0.0,6.024534504953131,-9.799999999999999,2.063613629148266,11.863613629148265,0.5895631803585731,0.6066438151187267,0.2729292800291886
B17BVJVB1NE,Blast 17 Ignite,BVJVB,17,B,22,18,-6.899342105263156,4.042136176174207,10.941478281437362,0.5982228912620026,0.7058823529411765,0.29411764705882354,0.0,10.94147828143736,-6.899342105263156,0.3732344426302424,7.272576547893399,0.3820855031493241,1.0,0.0,0.0,7.272576547893398,-4.999999999999993,4.017104508109799,9.017104508109792,0.5925396079881613,0.5982228912620026,0.269978847888675
B18MVPVA1NE,MVP BOS 18 Black,MVPVA,18,B,19,15,3.7458333333333313,13.294710893442598,9.548877560109267,0.5566202292599519,0.6428571428571429,0.35714285714285715,0.0,9.548877560109267,3.7458333333333313,10.941037170532436,7.195203837199104,0.435160225898671,1.0,0.0,0.0,7.195203837199104,2.999999999999999,13.72120516104005,10.72120516104005,0.5911107738005323,0.5566202292599519,0.2554025575445032
B18SJVBC1NE,South County Juniors Boys 18's Blue,SJVBC,18,B,18,14,11.195833333333283,21.006006726643903,9.81017339331062,0.5366036857518256,0.46153846153846156,0.5384615384615384,0.0,9.81017339331062,11.195833333333283,19.08908693382586,7.893253600492578,0.4845302969062908,1.0,0.0,0.0,7.893253600492578,7.999999999999979,21.779695927320997,13.779695927321018,0.6195784925131747,0.5366036857518256,0.24838937771849076
B17CAPIT1XL,CSVC 17 BIG SLIDE,CAPIT,17,B,29,25,10.422038024114972,21.324428094776763,10.902390070661792,0.5337699564188919,0.5416666666666666,0.4583333333333333,0.0,10.902390070661792,10.422038024114972,19.04987459062535,8.627836566510378,0.39109430259457384,0.9583333333333334,0.041666666666666664,0.0,8.627836566510378,11.49999999999995,20.36055428309315,8.860554283093201,0.4809759628680671,0.5337699564188919,0.24739652631125145
B17PVJVB2NE,PV Boys 17 2,PVJVB,17,B,19,15,-13.937546497689635,-8.514442758722385,5.423103738967249,0.5244457902802141,0.7857142857142857,0.21428571428571427,0.0,5.423103738967249,-13.937546497689635,-11.368482425412818,2.5690640722768165,0.2221341613690732,0.8571428571428571,0.14285714285714285,0.0,2.5690640722768165,-12.113790815898325,-7.844800883550349,4.268989932347976,0.4002121711145474,0.5244457902802141,0.24412962591800344
B17RRJVB1NE,Boston United Boys 17 National 1,RRJVB,17,B,23,19,2.3341666666666687,8.876939519514105,6.5427728528474365,0.5035771067896796,0.8333333333333334,0.16666666666666666,0.0,6.5427728528474365,2.3341666666666687,5.020927959949168,2.686761293282499,0.1853895012912325,0.7222222222222222,0.2777777777777778,0.0,2.686761293282499,7.000000000000002,9.199256903725338,2.1992569037253364,0.401124376033879,0.5035771067896796,0.23681788250976524
B18SJJVB3NE,SMASH Boys 18's Surge,SJJVB,18,B,11,7,14.604311827956966,17.279272901090668,2.6749610731337015,0.4711239158695725,0.8333333333333334,0.16666666666666666,0.0,2.6749610731337015,14.604311827956966,16.247550668578516,1.6432388406215495,0.2467850332593692,1.0,0.0,0.0,1.6432388406215495,14.499999999999982,17.584923811081975,3.0849238110819925,0.4043421101614295,0.4711239158695725,0.2254472847960179
B16NYCIV2GE,NYC Impact 16U Travel,NYCIV,16,B,8,4,11.66685191698277,12.98777213134835,1.3209202143655805,0.4649485967895858,1.0,0.0,0.0,1.3209202143655805,11.66685191698277,12.211107582092769,0.5442556651099988,0.17760224569313224,1.0,0.0,0.0,0.5442556651099988,13.000000000000135,13.170203676027988,0.17020367602785313,0.387458136554764,0.4649485967895858,0.2232836433474646
B16DIGSV1GE,Digs Boys 16 Red,DIGSV,16,B,7,3,9.308010010378448,10.22140850464377,0.9133984942653228,0.4566992471326614,1.0,0.0,0.0,0.9133984942653228,9.308010010378448,9.408148931888311,0.10013892150986337,0.05006946075493168,0.5,0.5,0.0,0.10013892150986337,8.999999999999071,8.224931808605447,-0.7750681913936237,0.39568180007324905,0.4566992471326614,0.22039332551770652
B18PVJVB4NE,PV Boys 18 4,PVJVB,18,B,19,15,-9.623047702573505,-5.519439062230963,4.103608640342542,0.42446815354275225,0.5,0.5,0.0,4.103608640342542,-9.623047702573505,-7.1237764349669686,2.4992712676065363,0.20604107220607748,0.9285714285714286,0.07142857142857142,0.0,2.4992712676065363,-7.086881380919538,-4.413232196801134,2.6736491841184034,0.31170227463512024,0.42446815354275225,0.2091005438622074
B15LIFRY1GE,LI Fury 15 1,LIFRY,15,B,7,3,-2.884502192590232,-2.036858630524214,0.8476435620660183,0.42382178103300916,0.5,0.5,0.0,0.8476435620660183,-2.884502192590232,-2.3537850327815155,0.5307171598087166,0.2653585799043583,1.0,0.0,0.0,0.5307171598087166,5.0000000000000595,-1.7505587018153483,-6.750558701815407,0.0017183420866475777,0.42382178103300916,0.2088740748595257
B17TTVBC2NE,SLAM 17 2 Boys,TTVBC,17,B,22,18,-8.000657894736822,-1.8724131276486258,6.128244767088196,0.4064789604287461,0.8235294117647058,0.17647058823529413,0.0,6.128244767088197,-8.000657894736822,-4.087991441372133,3.9126664533646887,0.2216423598741063,0.9411764705882353,0.058823529411764705,0.0,3.9126664533646887,-7.000000000000007,-2.072577432852236,4.9274225671477705,0.33891001031279117,0.4064789604287461,0.20279768512027868
B14MVPVA1NE,MVP BOS 14 Black,MVPVA,14,B,26,22,-10.450000000000003,-6.5148972402959,3.935102759704103,0.3822725535439559,0.5714285714285714,0.42857142857142855,0.0,3.935102759704103,-10.450000000000003,-9.179500289957627,1.270499710042376,0.09753692865394521,0.6666666666666666,0.3333333333333333,0.0,1.270499710042376,-10.999999999999998,-7.002886198906188,3.9971138010938105,0.28799779707142587,0.3822725535439559,0.19431650632156455
B14SJJVB1NE,SMASH Boys 14-1,SJJVB,14,B,16,12,16.933333333333373,22.714504285152596,5.781170951819224,0.36997884539027687,0.8181818181818182,0.18181818181818182,0.0,5.781170951819224,16.933333333333373,20.892301529665943,3.9589681963325702,0.3283037922010007,1.0,0.0,0.0,3.9589681963325702,11.000000000000057,22.340530547144525,11.340530547144468,0.5299233891481376,0.36997884539027687,0.19000916994376968
B17PVJVB1NE,PV Boys 17 1,PVJVB,17,B,17,13,-3.321216374269002,4.236669715968606,7.557886090237608,0.36647176081860966,0.75,0.25,0.0,7.557886090237608,-3.321216374269002,0.861273737786465,4.182490112055467,0.25828280908063866,0.9166666666666666,0.08333333333333333,0.0,4.182490112055467,-7.499999999999971,4.686707525448664,12.186707525448636,0.5359415043353433,0.36647176081860966,0.18878039561736557
B17HKJVB1NE,Husky 17.1,HKJVB,17,B,11,7,12.39083395473193,15.21983865113474,2.8290046964028104,0.34133526460824565,0.6666666666666666,0.3333333333333333,0.0,2.8290046964028104,12.39083395473193,13.801062178938928,1.410228224206998,0.21859676046590465,1.0,0.0,0.0,1.410228224206998,8.500000000000027,17.879272391469886,9.37927239146986,0.7224371243719291,0.34133526460824565,0.17997334218940517
B17SPTMC3GE,Sportime 17 3,SPTMC,17,B,9,5,0.24501846917549086,1.5495049303200705,1.3044864611445797,0.34109573485426614,0.75,0.25,0.0,1.3044864611445797,0.24501846917549086,0.8569573936896429,0.611938924514152,0.15706884106821856,1.0,0.0,0.0,0.611938924514152,1.040445273566859,2.1479840441598403,1.1075387705929813,0.3011878686424502,0.34109573485426614,0.1798894183472265
B17CAPIT2XL,CSVC 17 SKYLIGHT,CAPIT,17,B,25,21,-11.410000000000002,-4.12842576321984,7.281574236780162,0.3330029938685785,0.65,0.35,0.0,7.281574236780162,-11.410000000000002,-6.43230841159088,4.9776915884091215,0.19354007178735846,0.95,0.05,0.0,4.9776915884091215,-5.999999999999966,-3.7344382040608366,2.2655617959391297,0.30017708551108185,0.3330029938685785,0.1770539713683349
B18BVJVB1NE,Blast 18 Fire,BVJVB,18,B,23,19,2.5512254901960683,8.297669244078453,5.746443753882384,0.33008630085263846,0.7777777777777778,0.2222222222222222,0.0,5.746443753882384,2.5512254901960683,6.144468965122305,3.5932434749262363,0.1518381256842706,0.9444444444444444,0.05555555555555555,0.0,3.5932434749262363,7.500000000000015,8.871694437402606,1.3716944374025912,0.24270301609258924,0.33008630085263846,0.17603205204396413
B14CAPIT1XL,CSVC 14 CASCADE,CAPIT,14,B,24,20,-12.192857142857147,-8.460265439985188,3.732591702871959,0.32924207147357387,0.5789473684210527,0.42105263157894735,0.0,3.732591702871959,-12.192857142857147,-10.288428876319024,1.9044282665381225,0.1498853693416212,0.8421052631578947,0.15789473684210525,0.0,1.9044282665381225,-10.999999999999961,-8.371426097859246,2.6285739021407153,0.25615190169143087,0.32924207147357387,0.17573626009330198
B14TACCU1GE,Accuracy 14 Champ,TACCU,14,B,13,9,12.643702882483371,14.611228208894754,1.9675253264113834,0.31410178740575373,0.5,0.5,0.0,1.9675253264113834,12.643702882483371,14.440196374579617,1.7964934920962463,0.24255072639037728,0.625,0.375,0.0,1.7964934920962463,11.0,12.592557890814257,1.5925578908142572,0.29340342549885157,0.31410178740575373,0.1704315712622145
B18RRJVB1NE,Boston United Boys 18 1,RRJVB,18,B,24,20,-7.284558823529406,0.7306679761873085,8.015226799716714,0.3003159850418118,0.7368421052631579,0.2631578947368421,0.0,8.015226799716714,-7.284558823529406,-1.5126338801675079,5.771924943361898,0.2495564378737501,0.9473684210526315,0.05263157894736842,0.0,5.771924943361899,-7.499999999999991,0.9193505616958464,8.419350561695838,0.33706652646448315,0.3003159850418118,0.1656014510676394
B17CSJVB1NE,MEVBC/CT STARS 17 1,CSJVB,17,B,10,6,-2.7009513913431324,-0.9664581260432824,1.7344932652998502,0.2947302949942853,0.6,0.4,0.0,1.73449326529985,-2.7009513913431324,-1.8337047586932074,0.8672466326499251,0.1779538729607664,1.0,0.0,0.0,0.8672466326499251,-8.499999999999924,-1.3976166065809972,7.102383393418926,0.5404085383424163,0.2947302949942853,0.16364439745647183
B18MMVBC2NE,Mayhem 18 2,MMVBC,18,B,10,6,5.902729528536018,7.613496553815407,1.710767025279389,0.28973721484979104,1.0,0.0,0.0,1.710767025279389,5.902729528536018,6.758113041175713,0.8553835126396949,0.1673809495191954,0.8,0.2,0.0,0.8553835126396949,3.5000000000000484,7.899514736787256,4.399514736787207,0.25805746455996337,0.28973721484979104,0.16189497608785172
B18RAPTO1GE,NYC Raptors 18 Black,RAPTO,18,B,7,3,1.5982309776637975,2.136245804064136,0.5380148264003384,0.2690074132001692,0.5,0.5,0.0,0.5380148264003384,1.5982309776637975,1.8883691267527651,0.2901381490889676,0.1450690745444838,1.0,0.0,0.0,0.2901381490889676,4.50000000000083,2.2966894942791485,-2.203310505721681,0.2778095640887427,0.2690074132001692,0.15463189259557217
B17SJVBC1NE,South County Juniors Boys 17 1,SJVBC,17,B,17,13,3.631323529411776,8.35289454959088,4.721571020179105,0.2614640315898104,0.5,0.5,0.0,4.721571020179105,3.631323529411776,7.664974785285362,4.033651255873586,0.27538321988036135,1.0,0.0,0.0,4.033651255873586,4.999999999999996,8.44979848131063,3.4497984813106344,0.34202029585577254,0.2614640315898104,0.15198892420753835
B15NEVBC1NE,NEVBC Boys 15.1,NEVBC,15,B,11,7,5.623438927758962,7.959674186007398,2.3362352582484354,0.2387378348367554,0.5,0.5,0.0,2.3362352582484354,5.623438927758962,7.066317514302329,1.442878586543367,0.22933190694780778,0.5,0.5,0.0,1.442878586543367,-7.000000000000055,6.086771754911425,13.08677175491148,0.4475816458101111,0.2387378348367554,0.1440263654108206
B17MVPVA1NE,MVP BOS 17 Black,MVPVA,17,B,18,14,3.47958333333332,5.1344169557077,1.6548336223743805,0.2161327756155391,0.7692307692307693,0.23076923076923078,0.0,1.6548336223743805,3.47958333333332,4.049733657793898,0.5701503244605783,0.05697704528614947,0.7692307692307693,0.23076923076923078,0.0,0.5701503244605783,6.499999999999998,4.8491030778630995,-1.6508969221368988,0.10996782673905944,0.2161327756155391,0.1361062494711385
B17TTVBC1NE,SLAM 17 1 Boys,TTVBC,17,B,23,19,1.8908333333333307,7.177692979162556,5.286859645829225,0.1790282218107565,0.6111111111111112,0.3888888888888889,0.0,5.286859645829225,1.8908333333333307,5.563401590257093,3.6725682569237623,0.1335785623292528,0.7777777777777778,0.2222222222222222,0.0,3.6725682569237623,-0.4999999999999993,8.050324113949603,8.550324113949603,0.23692315618790838,0.1790282218107565,0.12310595758301857
B18LHVBC3NE,LHV Boys 18-3 Thunder,LHVBC,18,B,12,8,-9.362343010049822,-7.866122880721998,1.4962201293278232,0.13697795864727808,0.7142857142857143,0.2857142857142857,0.0,1.4962201293278232,-9.362343010049822,-8.523009136720459,0.8393338733293625,0.11399631299301297,0.5714285714285714,0.42857142857142855,0.0,0.8393338733293625,-15.322696950735143,-8.748155615371465,6.574541335363678,0.17884141706644113,0.13697795864727808,0.10837284158939582
B18118281XX,PWVolleyball 18 1,11828,18,B,20,16,5.0651358940823545,8.576391015218505,3.5112551211361502,0.1272955832991953,0.4666666666666667,0.5333333333333333,0.0,3.5112551211361502,5.0651358940823545,8.94852099900729,3.883385104924935,0.2558819948227552,0.7333333333333333,0.26666666666666666,0.0,3.883385104924935,-3.4973274169076305,8.266786298483703,11.764113715391334,0.2526137440195854,0.1272955832991953,0.10498043573113729
B14SAVBC1XL,Sporting Albany Boys 14u,SAVBC,14,B,17,13,8.512500000000019,8.49239934157613,-0.020100658423888973,0.10244337452468377,0.6666666666666666,0.3333333333333333,0.0,-0.020100658423888973,8.512500000000019,7.400150545956783,-1.112349454043236,-0.07561496791750752,0.4166666666666667,0.5833333333333334,0.0,-1.112349454043236,11.500000000000018,8.224240836363201,-3.275759163636817,-0.04948597533791075,0.10244337452468377,0.09627298785740754
B18ROYAL1NO,Infinity Royals 18N,ROYAL,18,B,8,4,12.765772226197003,13.123081134932956,0.3573089087359538,0.09922771133759359,0.6666666666666666,0.3333333333333333,0.0,0.3573089087359538,12.765772226197003,12.408553136603572,-0.3572190895934302,-0.12331146206466244,0.3333333333333333,0.6666666666666666,0.0,-0.3572190895934302,11.776051337259831,11.034081965701686,-0.7419693715581452,-0.027554730439854045,0.09922771133759359,0.09514631860095994
B18LHVBC2NE,LHV Boys 18-2 Blitz,LHVBC,18,B,17,13,3.4387452711223694,4.22725446464085,0.7885091935184803,0.07290081863750329,0.5833333333333334,0.4166666666666667,0.0,0.7885091935184803,3.4387452711223694,2.7982665238097044,-0.640478747312665,-0.022293030720250417,0.5833333333333334,0.4166666666666667,0.0,-0.640478747312665,3.499999999999997,2.9345064125799847,-0.5654935874200122,0.04933057693381894,0.07290081863750329,0.08592218693752317
B16LCVBC1GE,Legacy Boys 16 National,LCVBC,16,B,8,4,-8.41772213176813,-8.168458476273019,0.24926365549511154,0.06708492711993622,0.3333333333333333,0.6666666666666666,0.0,0.24926365549511154,-8.41772213176813,-8.016732421715666,0.400989710052464,0.13613351678302815,1.0,0.0,0.0,0.400989710052464,-4.872290862717609,-6.689897461634357,-1.8176065989167478,-0.0466054824630923,0.06708492711993622,0.08388447782732043
B17NEVBC2NE,NEVBC Boys 17.2,NEVBC,17,B,10,6,4.519651028488084,5.408001335421561,0.8883503069334768,0.05735947011174155,0.6,0.4,0.0,0.8883503069334768,4.519651028488084,4.963826181954824,0.4441751534667393,0.08269191792476772,0.8,0.2,0.0,0.4441751534667393,0.5942832327739521,6.602882384319698,6.008599151545746,0.2228216978006931,0.05735947011174155,0.08047697748337085
B18NESVC1NE,NE Storm 18 Thunder,NESVC,18,B,23,19,5.0561078140455225,4.818481952421958,-0.23762586162356403,0.04986320490748884,0.5,0.5,0.0,-0.23762586162356403,5.0561078140455225,4.352219588524159,-0.7038882255213634,-0.022295077413134346,0.4444444444444444,0.5555555555555556,0.0,-0.7038882255213634,-3.499999999999951,4.240004025375373,7.740004025375324,0.04984055358012712,0.04986320490748884,0.07785051723165154
B18NESVC3NE,NE Storm 18 Tornado,NESVC,18,B,18,14,-12.399166666666641,-11.734478205710305,0.6646884609563362,0.04849895113171057,0.6923076923076923,0.3076923076923077,0.0,0.6646884609563362,-12.399166666666641,-12.707050843827243,-0.30788417716060223,0.0033496223105227456,0.6153846153846154,0.38461538461538464,0.0,-0.30788417716060223,-14.000000000000002,-10.495550148795507,3.5044498512044946,0.10182817705988763,0.04849895113171057,0.07737252476237405
B14LHVBC1NE,LHV Boys 14-1 Premier,LHVBC,14,B,26,22,-5.500649350649361,-4.818181998279144,0.6824673523702174,0.04225958444870361,0.5714285714285714,0.42857142857142855,0.0,0.6824673523702174,-5.500649350649361,-5.851159438434967,-0.3505100877856062,-0.04179910334963404,0.6190476190476191,0.38095238095238093,0.0,-0.3505100877856062,-9.5,-4.604360510372398,4.895639489627602,0.07072883560346528,0.04225958444870361,0.07518644300801952
B18HKJVB1NE,Husky 18.1,HKJVB,18,B,10,6,14.799680951511935,15.179029364364641,0.37934841285270693,0.03702145350560662,0.4,0.6,0.0,0.37934841285270693,14.799680951511935,14.989355157938286,0.1896742064263517,0.06715255520747736,0.6,0.4,0.0,0.1896742064263517,13.533238195020562,15.917348428459228,2.3841102334386655,0.16419730686672268,0.03702145350560662,0.0733511633933735
B15CORE11GE,CORE Boys 15 Platinum,CORE1,15,B,8,4,1.1940494232950498,1.226067748252633,0.032018324957583166,0.02344455045231919,0.6666666666666666,0.3333333333333333,0.0,0.032018324957583166,1.1940494232950498,1.339002847831226,0.1449534245361761,0.051572097773552095,0.6666666666666666,0.3333333333333333,0.0,0.1449534245361761,0.10637248318117751,2.447435091674918,2.3410626084937403,0.15528059616043988,0.02344455045231919,0.0685942350778336
B14117901XX,Torrimar 14 1,11790,14,B,7,3,23.834989503402884,23.8357981966606,0.0008086932577171524,0.0004043466288585762,0.5,0.5,0.0,0.0008086932577171524,23.834989503402884,23.372879851947157,-0.4621096514557266,-0.2310548257278633,0.0,1.0,0.0,-0.4621096514557266,21.10217550171352,21.16101350291241,0.0588380011988896,-0.11306613890083092,0.0004043466288585762,0.06052165788305927
B16TACCU1GE,Accuracy 16 Champ,TACCU,16,B,5,1,1.0516666666666643,1.0516666666666643,0.0,0.0,0.0,0.0,0.0,0.0,1.0516666666666643,1.0516666666666643,0.0,0.0,0.0,0.0,0.0,0.0,0.4999999999999918,2.133333333333324,1.6333333333333322,1.1891666666666674,0.0,0.06037998728847955
B18TTVBC2NE,SLAM 18 2 Boys,TTVBC,18,B,5,1,-9.39416666666667,-9.39416666666667,0.0,0.0,0.0,0.0,0.0,0.0,-9.39416666666667,-9.39416666666667,0.0,0.0,0.0,0.0,0.0,0.0,-9.000000000000004,-8.929166666666697,0.07083333333330621,0.859999999999981,0.0,0.06037998728847955
B16JHEAT1GE,CJ HEAT 16-1 Boys,JHEAT,16,B,5,1,2.463834335310029,2.463834335310029,0.0,0.0,0.0,0.0,0.0,0.0,2.463834335310029,2.463834335310029,0.0,0.0,0.0,0.0,0.0,0.0,13.241715482410779,-8.977301395721678,-22.219016878132457,-6.021107730943732,0.0,0.06037998728847955
B18SGHVB1NE,Starlings GH 18 1 Boys,SGHVB,18,B,5,1,-23.140702858840008,-23.140702858840008,0.0,0.0,0.0,0.0,0.0,0.0,-23.140702858840008,-23.140702858840008,0.0,0.0,0.0,0.0,0.0,0.0,-24.913257997521697,-21.99553434344163,2.917723654080067,0.5498456183907827,0.0,0.06037998728847955
B18TTVBC1NE,SLAM 18 1 Boys,TTVBC,18,B,5,1,-16.966752432749708,-16.966752432749708,0.0,0.0,0.0,0.0,0.0,0.0,-16.966752432749708,-16.966752432749708,0.0,0.0,0.0,0.0,0.0,0.0,-21.166581923402568,-12.549874208925191,8.616707714477377,1.7440640478662512,0.0,0.06037998728847955
B18GEVBC1NE,Generations vbc 18 1,GEVBC,18,B,5,1,-13.411659315790882,-13.411659315790882,0.0,0.0,0.0,0.0,0.0,0.0,-13.411659315790882,-13.411659315790882,0.0,0.0,0.0,0.0,0.0,0.0,-15.439279337373351,-13.951733378476995,1.4875459588963569,0.24516694739581926,0.0,0.06037998728847955
B17MVNER1NE,Meraki VB 17 1,MVNER,17,B,17,13,-1.657916666666673,0.3999192968960251,2.057835963562698,-0.003897063284635615,0.75,0.25,0.0,2.057835963562698,-1.657916666666673,-0.22239218121536353,1.4355244854513094,0.06706350192088874,0.6666666666666666,0.3333333333333333,0.0,1.435524485451309,-6.500000000000001,0.09582693032769296,6.595826930327694,0.11113561689081056,-0.003897063284635615,0.05901457644232598
B14117752XX,ValleyVBC Elite Boys,11775,14,B,22,18,9.734285714285715,7.223951888002619,-2.5103338262830963,-0.03297072492559249,0.47058823529411764,0.5294117647058824,0.0,-2.5103338262830963,9.734285714285715,7.131557980654881,-2.602727733630834,-0.1383289346053184,0.29411764705882354,0.7058823529411765,0.0,-2.602727733630834,9.499999999999995,6.856219813744446,-2.6437801862555483,-0.11386124401648405,-0.03297072492559249,0.0488280616124358
B18RRJVB2NE,Boston United Boys 18 Select 1,RRJVB,18,B,22,18,-0.2717573410196021,-4.563877246774562,-4.29211990575496,-0.03336095374252059,0.4117647058823529,0.5882352941176471,0.0,-4.29211990575496,-0.2717573410196021,-3.0190587061107625,-2.7473013650911606,-0.12363668720700673,0.17647058823529413,0.8235294117647058,0.0,-2.74730136509116,9.0,-6.0313124537555165,-15.031312453755517,-0.19445616700276078,-0.03336095374252059,0.04869133746396842
B17NESVC1NE,NE Storm 17 Tsunami,NESVC,17,B,26,22,5.222009803921575,7.093790643303256,1.8717808393816808,-0.04803119921195103,0.5238095238095238,0.47619047619047616,0.0,1.8717808393816808,5.222009803921575,7.684581860051912,2.4625720561303366,0.0545861614179639,0.42857142857142855,0.5714285714285714,0.0,2.4625720561303366,0.5000000000000013,7.3612376851718055,6.861237685171805,0.029768577579273293,-0.04803119921195103,0.04355133566859897
B17ALLIN1FL,AVA 17 Boys,ALLIN,17,B,8,4,18.607659935286954,18.491188682859427,-0.11647125242752665,-0.05005249891226171,0.3333333333333333,0.6666666666666666,0.0,-0.11647125242752665,18.607659935286954,18.15932146752757,-0.4483384677593847,-0.15079177444549002,0.0,1.0,0.0,-0.4483384677593847,12.899625774333822,17.272600755498786,4.372974981164964,0.1670410744994863,-0.05005249891226171,0.04284313456111062
B16SAVBC1XL,Sporting Albany Boys 16u,SAVBC,16,B,17,13,3.4584239794814726,4.689506456891411,1.231082477409938,-0.05121788319350564,0.4166666666666667,0.5833333333333334,0.0,1.231082477409938,3.4584239794814726,5.125653056353623,1.6672290768721503,0.07683121069725793,0.4166666666666667,0.5833333333333334,0.0,1.6672290768721503,4.021629694345949,5.589626224431685,1.5679965300857361,0.05185241879302207,-0.05121788319350564,0.04243481983247358
B17RRJVB2NE,Boston United Boys 17 Northeast,RRJVB,17,B,24,20,-5.078556414543806,-5.826804903063862,-0.7482484885200558,-0.05378041888753053,0.47368421052631576,0.5263157894736842,0.0,-0.7482484885200558,-5.078556414543806,-6.925974464920357,-1.8474180503765512,-0.08436472156342195,0.5263157894736842,0.47368421052631576,0.0,-1.8474180503765512,-8.000000000000009,-4.181971760313133,3.8180282396868757,0.01643614838326547,-0.05378041888753053,0.04153698631663824
B17LCVBC2GE,Legacy Boys 17 Premier,LCVBC,17,B,7,3,-9.040324069256659,-9.155263261219803,-0.11493919196314373,-0.057469595981571864,0.5,0.5,0.0,-0.11493919196314373,-9.040324069256659,-8.819201685923138,0.22112238333352074,0.11056119166676037,1.0,0.0,0.0,0.22112238333352074,-7.292529491113858,-8.119677556109044,-0.8271480649951863,-0.26982795254761044,-0.057469595981571864,0.0402444123834807
B16TTVBC1NE,SLAM 16 1 Boys,TTVBC,16,B,22,18,-5.454166666666665,-7.942968962664059,-2.4888022959973943,-0.06669532418409851,0.4117647058823529,0.5882352941176471,0.0,-2.4888022959973943,-5.454166666666665,-5.570630345896907,-0.11646367923024226,0.0069579687378725375,0.47058823529411764,0.5294117647058824,0.0,-0.11646367923024226,1.4999999999999987,-6.983893534187872,-8.483893534187871,-0.14977024395328964,-0.06669532418409851,0.03701200160866504
B18NESVC2NE,NE Storm 18 Squall,NESVC,18,B,18,14,-0.5474724291240591,-1.423842225830517,-0.8763697967064579,-0.06999205658917386,0.46153846153846156,0.5384615384615384,0.0,-0.8763697967064579,-0.5474724291240591,-1.3637939052602208,-0.8163214761361617,-0.024984490362319,0.5384615384615384,0.46153846153846156,0.0,-0.8163214761361617,-3.5000000000000013,-0.7244257249351268,2.7755742750648746,0.013382009931989739,-0.06999205658917386,0.03585692819723167
B17NESVC2NE,NE Storm 17 Landslide,NESVC,17,B,23,19,-2.6071604772458343,-5.103217375242598,-2.4960568979967634,-0.0852630441285724,0.3888888888888889,0.6111111111111112,0.0,-2.4960568979967634,-2.6071604772458343,-6.038941525423446,-3.431781048177612,-0.1754676624504621,0.4444444444444444,0.5555555555555556,0.0,-3.431781048177612,-3.000000000000012,-3.5718633633033416,-0.5718633633033297,-0.06639949945841556,-0.0852630441285724,0.030506444898698255
B16BVJVB1NE,Blast 16 Inferno,BVJVB,16,B,22,18,-7.97083333333333,-10.109555756671401,-2.1387224233380717,-0.09858096095079569,0.4117647058823529,0.5882352941176471,0.0,-2.1387224233380717,-7.97083333333333,-8.663869784806643,-0.6930364514733132,-0.027012686039773554,0.35294117647058826,0.6470588235294118,0.0,-0.6930364514733132,-8.500000000000021,-9.812907280894537,-1.3129072808945157,-0.11575916450766137,-0.09858096095079569,0.02584025737515258
B15SYRVB1XL,SVC 15 1 Boys,SYRVB,15,B,9,5,13.052687801836068,12.470700145368026,-0.5819876564680424,-0.11027805535770127,0.25,0.75,0.0,-0.5819876564680424,13.052687801836068,12.817829481078897,-0.23485832075717106,-0.06628223350655152,0.5,0.5,0.0,-0.23485832075717106,14.500000000000002,13.482400557080295,-1.0175994429197068,-0.07085867014442,-0.11027805535770127,0.02174195606333173
B14CAPIT2XL,CSVC 14 SAWTEETH,CAPIT,14,B,19,15,-11.81785714285714,-13.402977217828266,-1.585120074971126,-0.12509138177875914,0.2857142857142857,0.7142857142857143,0.0,-1.585120074971126,-11.81785714285714,-12.585173057645857,-0.7673159147887176,-0.061079650573450425,0.21428571428571427,0.7857142857142857,0.0,-0.7673159147887176,-7.666666666666688,-13.18676485895294,-5.520098192286251,-0.14433458769340854,-0.12509138177875914,0.0165518231130487
B16LIFRY2GE,LI Fury 16 2,LIFRY,16,B,8,4,-10.71286944663199,-11.191897829862851,-0.4790283832308617,-0.1317047888772624,0.3333333333333333,0.6666666666666666,0.0,-0.4790283832308617,-10.71286944663199,-11.151186143664415,-0.43831669703242504,-0.15613129305688958,0.3333333333333333,0.6666666666666666,0.0,-0.43831669703242504,-9.000000000000927,-12.758032539321311,-3.758032539320384,-0.3025045863159046,-0.1317047888772624,0.014234689127073511
B17PVJVB3NE,PV Boys 17 3,PVJVB,17,B,19,15,-8.178919964714712,-13.48027494160728,-5.3013549768925685,-0.14523574390815552,0.42857142857142855,0.5714285714285714,0.0,-5.3013549768925685,-8.178919964714712,-12.504311606347681,-4.325391641632969,-0.22362698763269734,0.07142857142857142,0.9285714285714286,0.0,-4.325391641632969,-4.377330456984277,-12.20903497411924,-7.831704517134963,-0.3148480092989583,-0.14523574390815552,0.00949385958221149
B16SJVBC1NE,South County Juniors Boys 16's Blue,SJVBC,16,B,17,13,-4.317982456140358,-7.448034542680095,-3.130052086539737,-0.146804486026754,0.5833333333333334,0.4166666666666667,0.0,-3.130052086539737,-4.317982456140358,-7.349085314269431,-3.0311028581290724,-0.20726234720049383,0.25,0.75,0.0,-3.0311028581290724,-1.4999999999999998,-6.938843104714323,-5.438843104714323,-0.24056858030349637,-0.146804486026754,0.008944220701057793
B14SJJVB2NE,SMASH Boys 14's Thunder,SJJVB,14,B,16,12,-9.189285714285704,-9.915721671157444,-0.7264359568717396,-0.1527222382330595,0.18181818181818182,0.8181818181818182,0.0,-0.7264359568717396,-9.189285714285704,-8.934501876866136,0.2547838374195681,0.0011383424450757114,0.36363636363636365,0.6363636363636364,0.0,0.2547838374195681,-11.500000000000039,-10.596265736489343,0.903734263510696,-0.049852691761720004,-0.1527222382330595,0.006870822745424079
B18BVJVB2NE,Blast 18 Blaze,BVJVB,18,B,22,18,-14.128270609318998,-16.982421660283425,-2.8541510509644272,-0.15642214352466888,0.4117647058823529,0.5882352941176471,0.0,-2.8541510509644272,-14.128270609318998,-15.124189513933892,-0.9959189046148946,-0.07049694633454022,0.17647058823529413,0.8235294117647058,0.0,-0.9959189046148946,-12.499999999999996,-16.78155377747196,-4.281553777471963,-0.16447576937810962,-0.15642214352466888,0.005574489982540357
B16NESVC1NE,NE Storm 16 Lightning,NESVC,16,B,22,18,2.559649122806994,-0.19241427318092824,-2.7520633959879226,-0.16639653790595169,0.5294117647058824,0.47058823529411764,0.0,-2.7520633959879226,2.559649122806994,2.463296101444616,-0.09635302136237822,-0.0006022355171379698,0.47058823529411764,0.5294117647058824,0.0,-0.09635302136237822,3.0,0.02025247848178502,-2.979747521518215,-0.14577067837807672,-0.16639653790595169,0.002079769656670644
B16MVPVA1NE,MVP BOS 16 Black,MVPVA,16,B,17,13,2.553431372549017,1.8508054221485302,-0.702625950400487,-0.19917059520480715,0.4166666666666667,0.5833333333333334,0.0,-0.702625950400487,2.553431372549017,2.5992900517391555,0.04585867919013831,-0.021617847453181,0.25,0.75,0.0,0.04585867919013831,-0.5000000000000078,1.7105663857748858,2.210566385774894,-0.048874443206367614,-0.19917059520480715,-0.009403249745335227
B16LEGIO1XL,TeamLVC Boys 16 Black,LEGIO,16,B,20,16,10.443006640383064,9.785096154865006,-0.6579104855180589,-0.2429965486074564,0.4,0.6,0.0,-0.6579104855180589,10.443006640383064,11.533253151905743,1.090246511522679,0.016758375382044527,0.4,0.6,0.0,1.090246511522679,3.5000000000000338,10.162501652131802,6.662501652131768,-0.08411490081885876,-0.2429965486074564,-0.02475851286228844
B15LEGIO1XL,TeamLVC Boys 15 Black,LEGIO,15,B,18,14,-1.437815126050475,-6.873377333796671,-5.435562207746196,-0.29906035362796807,0.46153846153846156,0.5384615384615384,0.0,-5.435562207746195,-1.437815126050475,-1.5682203277321838,-0.13040520168170877,-0.008534963570897251,0.5384615384615384,0.46153846153846156,0.0,-0.13040520168170877,-3.9999999999999885,-6.345638852207236,-2.345638852207247,-0.35106736390232346,-0.29906035362796807,-0.04440154194869001
B17NESVC3NE,NE Storm 17 Wildfire,NESVC,17,B,18,14,-6.182871092414981,-11.529888997684349,-5.347017905269368,-0.3179832944613349,0.5384615384615384,0.46153846153846156,0.0,-5.347017905269368,-6.182871092414981,-12.251893464753495,-6.069022372338514,-0.4156953418349182,0.3076923076923077,0.6923076923076923,0.0,-6.069022372338514,-6.66666666666667,-10.514121097012783,-3.8474544303461133,-0.35376526396168273,-0.3179832944613349,-0.05103155710827627
B18MVPVA2NE,MVP BOS 18 Blue,MVPVA,18,B,18,14,11.276554330931194,6.254578213730369,-5.0219761172008255,-0.3187033905639366,0.15384615384615385,0.8461538461538461,0.0,-5.0219761172008255,11.276554330931194,8.346446607784163,-2.9301077231470316,-0.21118047765077236,0.0,1.0,0.0,-2.9301077231470316,14.000000000000005,5.844038597153851,-8.155961402846154,-0.3544244663062501,-0.3187033905639366,-0.05128385658533165
B18CSJVB1NE,MEVBC/CT STARS 18 1,CSJVB,18,B,10,6,1.8851130954409445,0.5404575298670206,-1.344655565573924,-0.33414755252784106,0.2,0.8,0.0,-1.344655565573924,1.8851130954409445,1.2127853126539825,-0.672327782786962,-0.14418745269355962,0.0,1.0,0.0,-0.672327782786962,1.6479266542976228,1.1905170812597219,-0.45740957303790086,-0.22233469967666897,-0.33414755252784106,-0.05669501486403001
B17MVPVA2NE,MVP BOS 17 Blue,MVPVA,17,B,19,15,-2.9778491392211968,-9.810247296797076,-6.832398157575879,-0.3347020776204609,0.42857142857142855,0.5714285714285714,0.0,-6.83239815757588,-2.9778491392211968,-8.323644689187834,-5.3457955499666365,-0.32466291211337367,0.0,1.0,0.0,-5.345795549966637,2.0000000000000036,-8.389175834556562,-10.389175834556566,-0.441148922064504,-0.3347020776204609,-0.05688930336299089
B16HKJVB1NE,Husky 16.1,HKJVB,16,B,12,8,10.697264530995962,8.68679597793711,-2.0104685530588533,-0.3725609358602596,0.2857142857142857,0.7142857142857143,0.0,-2.0104685530588533,10.697264530995962,9.831278058588497,-0.8659864724074655,-0.14263234175327813,0.14285714285714285,0.8571428571428571,0.0,-0.8659864724074655,7.727108636666726,8.298518348349365,0.5714097116826391,-0.19880184452250568,-0.3725609358602596,-0.07015388027335653
B18VTVBC1NE,VTV 18 1,VTVBC,18,B,13,9,8.070376328870442,6.445122731899144,-1.6252535969712971,-0.3744709501515654,0.625,0.375,0.0,-1.6252535969712971,8.070376328870442,6.816321238769406,-1.2540550901010352,-0.1571659352554417,0.25,0.75,0.0,-1.2540550901010352,3.6445231443281743,7.275526768733751,3.6310036244055763,-0.05868275457600147,-0.3744709501515654,-0.0708230904039539
B16SPTMC4GE,Sportime 16 4,SPTMC,16,B,7,3,-8.126460739858143,-8.880593680678345,-0.7541329408202024,-0.3770664704101012,0.0,1.0,0.0,-0.7541329408202024,-8.126460739858143,-8.778593537102358,-0.6521327972442155,-0.32606639862210773,0.0,1.0,0.0,-0.6521327972442155,-8.38983802788313,-11.610831790910602,-3.2209937630274723,-0.4897106922600845,-0.3770664704101012,-0.07173248069442938
B16PVJVB1NE,PV Boys 16 1,PVJVB,16,B,18,14,-8.742812288675907,-12.867862598419432,-4.125050309743525,-0.3806916865933011,0.38461538461538464,0.6153846153846154,0.0,-4.125050309743525,-8.742812288675907,-9.165838735301952,-0.4230264466260447,-0.05110431245944319,0.46153846153846156,0.5384615384615384,0.0,-0.4230264466260447,-6.93471568529529,-12.23112804781844,-5.296412362523151,-0.33409404830074785,-0.3806916865933011,-0.0730026446960528
B17NYCVA1GE,NYC VBA 17 Downtown,NYCVA,17,B,14,10,5.665333511416462,1.1189052255541554,-4.546428285862306,-0.4203100105755388,0.0,1.0,0.0,-4.546428285862306,5.665333511416462,3.1872926963105384,-2.4780408151059232,-0.26751474247685597,0.0,1.0,0.0,-2.4780408151059232,11.550900541888469,0.042347529949756324,-11.508553011938712,-0.5660399003624808,-0.4203100105755388,-0.0868836841662217
B17DIGSV1GE,Digs Boys 17 Red,DIGSV,17,B,8,4,-0.3213428328472453,-1.2403246887833421,-0.9189818559360968,-0.42173912567310917,0.3333333333333333,0.6666666666666666,0.0,-0.9189818559360967,-0.3213428328472453,-0.45253997541724145,-0.13119714256999615,-0.03456592544361322,0.3333333333333333,0.6666666666666666,0.0,-0.13119714256999615,-4.500000000000209,-1.068932990888981,3.431067009111228,-0.17156882394291806,-0.42173912567310917,-0.08738440204327483
B17SPTMC5GE,Sportime 17 Lynbrook,SPTMC,17,B,7,3,7.31396498569007,6.407192122612829,-0.9067728630772409,-0.45338643153862046,0.0,1.0,0.0,-0.9067728630772409,7.31396498569007,7.018365217337795,-0.2955997683522753,-0.14779988417613765,0.5,0.5,0.0,-0.2955997683522753,7.8346111302171,4.960924661664215,-2.8736864685528847,-0.36873238334403297,-0.45338643153862046,-0.09847264247567229
B18PINVA1GE,PVA Boys 18 National,PINVA,18,B,7,3,8.52971434773265,7.60470984592404,-0.9250045018086102,-0.4625022509043051,0.5,0.5,0.0,-0.9250045018086102,8.52971434773265,8.194414099717068,-0.33530024801558156,-0.16765012400779078,0.0,1.0,0.0,-0.33530024801558156,5.499999999999166,7.2264791212927575,1.7264791212935915,-0.2884968681527717,-0.4625022509043051,-0.10166654458204936
B16CORE11GE,CORE Boys 16 Platinum,CORE1,16,B,8,4,11.42170261501034,10.025000762268714,-1.396701852741625,-0.4719972273098607,0.0,1.0,0.0,-1.396701852741625,11.42170261501034,10.755298665406333,-0.6664039496040068,-0.21290009491817036,0.0,1.0,0.0,-0.6664039496040068,12.344874491746967,10.28355330110867,-2.0613211906382976,-0.42904686355061356,-0.4719972273098607,-0.10499329162750567
B14RRJVB2NE,Boston United Boys 13 Select 1,RRJVB,14,B,10,6,-12.286881373458,-14.812624530192045,-2.5257431567340447,-0.4844661778773555,0.2,0.8,0.0,-2.5257431567340447,-12.286881373458,-13.549752951825022,-1.2628715783670224,-0.25969942580733724,0.0,1.0,0.0,-1.2628715783670224,-9.04532596061271,-16.480044610632568,-7.4347186500198585,-0.6928713646852608,-0.4844661778773555,-0.10936202754517295
B17LCVBC1GE,Legacy Boys 17 National,LCVBC,17,B,8,4,9.837934464004945,8.666672010066344,-1.171262453938601,-0.4849688982211788,0.3333333333333333,0.6666666666666666,0.0,-1.171262453938601,9.837934464004945,9.685728921981893,-0.1522055420230526,-0.05468609717977006,0.3333333333333333,0.6666666666666666,0.0,-0.1522055420230526,4.499999999999792,9.864224770677437,5.3642247706776445,-0.11876549589042004,-0.4849688982211788,-0.10953816525706092
B18TUSVA1GE,Train Up VB 18 1,TUSVA,18,B,9,5,3.5281642804064566,1.7625093704589012,-1.7656549099475554,-0.49784646778547825,0.25,0.75,0.0,-1.7656549099475551,3.5281642804064566,2.8682329762548004,-0.6599313041516561,-0.14556529437809274,0.5,0.5,0.0,-0.6599313041516561,5.010258015074776,3.995412634911008,-1.0148453801637682,-0.3425764470713728,-0.49784646778547825,-0.1140500686753385
B15NYCVA1GE,NYC VBA 15 Nomad,NYCVA,15,B,13,9,5.80491099784224,0.6479052365701995,-5.157005761272041,-0.5064875793121196,0.375,0.625,0.0,-5.157005761272041,5.80491099784224,2.463217766786954,-3.3416932310552863,-0.38652775792356436,0.0,1.0,0.0,-3.3416932310552863,13.755934002391548,0.2123952053402256,-13.543538797051323,-0.723951866864497,-0.5064875793121196,-0.11707764778800407
B14LIFRY1GE,LI Fury 14 1,LIFRY,14,B,7,3,-13.409219703947826,-14.428782443357756,-1.0195627394099294,-0.5097813697049647,0.5,0.5,0.0,-1.0195627394099294,-13.409219703947826,-13.337498496128235,0.07172120781959102,0.03586060390979551,0.5,0.5,0.0,0.07172120781959102,-14.499999999999938,-13.581465201853094,0.9185347981468439,-0.2928807227695823,-0.5097813697049647,-0.11823169040904083
B18NEVBC1NE,NEVBC Boys 18.1,NEVBC,18,B,6,2,27.739794764812984,27.216909915615037,-0.522884849197947,-0.522884849197947,0.0,1.0,0.0,-0.522884849197947,27.739794764812984,27.63697700103994,-0.10281776377304297,-0.10281776377304297,0.0,1.0,0.0,-0.10281776377304297,29.737312428164483,27.122888182174723,-2.6144242459897598,-0.5693353017167827,-0.522884849197947,-0.12282274570255057
B16BVJVB2NE,Blast 16 Pyro,BVJVB,16,B,23,19,-10.493375076604478,-22.340837050809114,-11.847461974204636,-0.5263384439332216,0.2222222222222222,0.7777777777777778,0.0,-11.847461974204636,-10.493375076604478,-15.578320644291082,-5.084945567686605,-0.2318358822971075,0.0,1.0,0.0,-5.084945567686605,-11.000000000000007,-22.30082002023752,-11.300820020237513,-0.5948632397687617,-0.5263384439332216,-0.1240327788391317
B13SJJVB1NE,SMASH Boys 13-1,SJJVB,13,B,16,12,8.120833333333342,3.3872560507735385,-4.7335772825598035,-0.5375524372030116,0.18181818181818182,0.8181818181818182,0.0,-4.7335772825598035,8.120833333333342,6.394474215446875,-1.7263591178864672,-0.17216689151076134,0.2727272727272727,0.7272727272727273,0.0,-1.7263591178864672,3.333333333333331,2.802058466198158,-0.5312748671351728,-0.40639724036509955,-0.5375524372030116,-0.1279618164043238
B16MCJVB1NE,Mill City 16's,MCJVB,16,B,20,16,10.75666666666665,5.704209567285593,-5.052457099381057,-0.5424014323229062,0.26666666666666666,0.7333333333333333,0.0,-5.052457099381057,10.75666666666665,10.155138995139701,-0.6015276715269486,-0.126421650312349,0.26666666666666666,0.7333333333333333,0.0,-0.6015276715269486,8.499999999999986,5.8141063817377265,-2.6858936182622593,-0.41369465064103295,-0.5424014323229062,-0.12966075482181189
B16LCVBC2GE,Legacy Boys 16 Premier,LCVBC,16,B,7,3,-0.22276613090594594,-1.3710919400181796,-1.1483258091122337,-0.5741629045561168,0.0,1.0,0.0,-1.1483258091122335,-0.22276613090594594,-0.9436371000129595,-0.7208709691070136,-0.3604354845535068,0.0,1.0,0.0,-0.7208709691070135,-1.5000000000000757,-3.9853291790048573,-2.485329179004782,-0.4872741119888239,-0.5741629045561168,-0.14078899563022
B15RRJVB1NE,Boston United Boys 15 National,RRJVB,15,B,25,21,10.654861111111114,4.57275529434038,-6.082105816770733,-0.583933219011316,0.3,0.7,0.0,-6.082105816770733,10.654861111111114,8.980205309286767,-1.674655801824347,-0.17369514814010462,0.3,0.7,0.0,-1.674655801824347,8.000000000000005,4.612576524258955,-3.38742347574105,-0.42540923368966077,-0.583933219011316,-0.14421221264084835
B16CAPIT1XL,CSVC 16 WOLFJAW,CAPIT,16,B,27,23,6.811112711471834,-2.1667246081549236,-8.977837319626758,-0.5960413770187463,0.22727272727272727,0.7727272727272727,0.0,-8.977837319626756,6.811112711471834,2.7129459602160897,-4.098166751255745,-0.2293034480146019,0.13636363636363635,0.8636363636363636,0.0,-4.098166751255745,-3.4999999999999916,-2.410614001616005,1.0893859983839866,-0.4950766601575987,-0.5960413770187463,-0.14845453796706695
B16NYCVA1GE,NYC VBA 16 Hudson,NYCVA,16,B,13,9,8.252659267355725,3.940843972246417,-4.311815295109308,-0.6084876196648753,0.125,0.875,0.0,-4.311815295109308,8.252659267355725,5.740764081577993,-2.511895185777732,-0.3204267747464182,0.0,1.0,0.0,-2.511895185777732,5.935947528457969,4.797662648213372,-1.1382848802445968,-0.5016435886396416,-0.6084876196648753,-0.15281531772906987
B16SJJVB2NE,SMASH Boys 16's Fire,SJJVB,16,B,16,12,10.063798258578847,5.808565475297454,-4.255232783281394,-0.6096665371360727,0.2727272727272727,0.7272727272727273,0.0,-4.255232783281394,10.063798258578847,8.363563715509523,-1.7002345430693246,-0.2013429453261329,0.18181818181818182,0.8181818181818182,0.0,-1.7002345430693246,7.500000000000029,6.625463818807604,-0.8745361811924255,-0.31807684395866065,-0.6096665371360727,-0.15322837407029974
B16MCJVB2NE,Mill City 16 Royal,MCJVB,16,B,20,16,-14.0198169506395,-22.879195076499798,-8.859378125860298,-0.6155046943418697,0.26666666666666666,0.7333333333333333,0.0,-8.859378125860298,-14.0198169506395,-16.97857446272159,-2.958757512082089,-0.1789840317339144,0.26666666666666666,0.7333333333333333,0.0,-2.958757512082089,-15.000000000000002,-22.501553347443355,-7.501553347443354,-0.5489002422036071,-0.6155046943418697,-0.15527388439130807
B16SPTMC3GE,Sportime 16 3,SPTMC,16,B,8,4,3.3568531637192707,1.5828056790703067,-1.774047484648964,-0.6391797514453181,0.0,1.0,0.0,-1.774047484648964,3.3568531637192707,2.2080035494189016,-1.148849614300369,-0.38149269594729374,0.0,1.0,0.0,-1.148849614300369,1.499999999999983,1.1300746170552634,-0.36992538294471955,-0.4442590138145984,-0.6391797514453181,-0.16356889460574342
B16RRJVB1NE,Boston United Boys 16 National 1,RRJVB,16,B,22,18,0.8215686274509648,-2.930726101429883,-3.752294728880848,-0.6407758965156614,0.5294117647058824,0.47058823529411764,0.0,-3.7522947288808473,0.8215686274509648,-0.6972975762087764,-1.5188662036597411,-0.253254333089653,0.17647058823529413,0.8235294117647058,0.0,-1.518866203659741,-2.999999999999999,-2.6126122863607746,0.38738771363922453,-0.3853352957013085,-0.6407758965156614,-0.16412813463647977
B15CAPIT1XL,CSVC 15 PANTHERS,CAPIT,15,B,24,20,-4.307477991196464,-14.959355169318167,-10.651877178121703,-0.6652773508640614,0.3684210526315789,0.631578947368421,0.0,-10.651877178121703,-4.307477991196464,-9.60694327870103,-5.299465287504566,-0.306993952360561,0.15789473684210525,0.8421052631578947,0.0,-5.299465287504566,4.000000000000015,-13.721392055555619,-17.721392055555633,-0.6484617401880295,-0.6652773508640614,-0.17271268897146788
B18MVNER2NE,Meraki VB 18 2,MVNER,18,B,16,12,5.3273366418527885,-1.7543893850652257,-7.081726026918014,-0.6658622515369397,0.09090909090909091,0.9090909090909091,0.0,-7.081726026918013,5.3273366418527885,2.283483852768202,-3.0438527890845863,-0.27549539675002827,0.09090909090909091,0.9090909090909091,0.0,-3.0438527890845863,5.499999999999994,-2.926011232304215,-8.426011232304209,-0.638932796877726,-0.6658622515369397,-0.17291762013741
B18HKJVB2NE,Husky 18.2,HKJVB,18,B,10,6,7.91855884180328,4.50085059366433,-3.4177082481389505,-0.6720287395437682,0.2,0.8,0.0,-3.4177082481389505,7.91855884180328,6.209704717733805,-1.7088541240694752,-0.33970104107661125,0.0,1.0,0.0,-1.7088541240694752,9.305133709124556,5.416229644148657,-3.8889040649758995,-0.38995427845592395,-0.6720287395437682,-0.1750781674501506
B18315VB1XL,315VB 18 USA,315VB,18,B,6,2,13.64371236923375,12.970940154020738,-0.672772215213012,-0.672772215213012,0.0,1.0,0.0,-0.672772215213012,13.64371236923375,13.501403532017195,-0.14230883721655552,-0.14230883721655552,0.0,1.0,0.0,-0.14230883721655552,16.153720421999477,12.789859345934415,-3.363861076065062,-0.5660660764346318,-0.672772215213012,-0.1753386584066714
B17RRJVB3NE,Boston United Boys 17 Select 1,RRJVB,17,B,23,19,-2.4658522056306147,-16.5953529759426,-14.129500770311985,-0.6737204948918705,0.3333333333333333,0.6666666666666666,0.0,-14.129500770311985,-2.4658522056306147,-13.133247887971354,-10.66739568234074,-0.553346881756217,0.0,1.0,0.0,-10.66739568234074,-6.6666666666666625,-15.970000434539458,-9.303333767872795,-0.6515895074666882,-0.6737204948918705,-0.1756709063749826
B18NEVBC2NE,NEVBC Boys 18.2,NEVBC,18,B,11,7,4.192739703442495,-0.03416315805528471,-4.22690286149778,-0.6758938237953483,0.0,1.0,0.0,-4.22690286149778,4.192739703442495,2.063849947450755,-2.12888975599174,-0.3743989906860245,0.0,1.0,0.0,-2.12888975599174,9.254056289364506,1.2941293087457324,-7.959926980618773,-0.6007848285617419,-0.6758938237953483,-0.17643237382889002
B16CORE12GE,CORE Boys 16 Titanium,CORE1,16,B,7,3,10.13500166439188,8.689855956694032,-1.4451457076978471,-0.7225728538489236,0.0,1.0,0.0,-1.4451457076978471,10.13500166439188,9.052976110405217,-1.0820255539866626,-0.5410127769933313,0.0,1.0,0.0,-1.0820255539866626,9.899798928615722,5.40869205883212,-4.491106869783602,-0.7866537198820431,-0.7225728538489236,-0.19278726705691704
B17ROYAL1NO,Infinity Royals 17N,ROYAL,17,B,8,4,2.435202996812536,0.357386199596588,-2.077816797215948,-0.7408827480743931,0.3333333333333333,0.6666666666666666,0.0,-2.077816797215948,2.435202996812536,1.4435522631893645,-0.9916507336231715,-0.32114558963951273,0.0,1.0,0.0,-0.9916507336231715,-3.46846241343532,-0.7426721138508516,2.7257902995844683,-0.4133314758443457,-0.7408827480743931,-0.19920248958254205
B15RRJVB2NE,Boston United Boys 15 Select 1,RRJVB,15,B,22,18,-1.3916218637992823,-15.39406350546135,-14.002441641662069,-0.7488520206222774,0.058823529411764705,0.9411764705882353,0.0,-14.002441641662067,-1.3916218637992823,-7.991603028341522,-6.599981164542239,-0.3497249812712885,0.0,1.0,0.0,-6.599981164542239,0.9999999999999918,-15.902982793192857,-16.902982793192848,-0.7475935937687486,-0.7488520206222774,-0.20199467702679913
B15LHVBC1NE,LHV Boys 15-1 Eclipse,LHVBC,15,B,10,6,-6.615833333333339,-10.311544218025738,-3.6957108846923985,-0.7746186542728412,0.0,1.0,0.0,-3.6957108846923985,-6.615833333333339,-8.46368877567954,-1.8478554423462006,-0.3255664734219897,0.2,0.8,0.0,-1.8478554423462006,-8.000000000000002,-11.840248623754535,-3.8402486237545332,-0.6730448557349515,-0.7746186542728412,-0.21102251118952678
B17XTREM1GE,Xtreme 17 National Braulio,XTREM,17,B,8,4,-5.234788134406626,-7.982679274103624,-2.747891139696998,-0.828089993331897,0.0,1.0,0.0,-2.747891139696998,-5.234788134406626,-6.359314227277411,-1.1245260928707843,-0.33938712202287735,0.0,1.0,0.0,-1.1245260928707843,-2.500000000000293,-7.264927338386819,-4.764927338386526,-0.7106536503249823,-0.828089993331897,-0.22975722011699964
B18SJVBC2NE,South County Juniors Boys 18's Gold,SJVBC,18,B,18,14,13.270402448178316,4.6711548679116985,-8.599247580266617,-0.8404938084138387,0.07692307692307693,0.9230769230769231,0.0,-8.599247580266619,13.270402448178316,9.21947675926107,-4.050925688917246,-0.3617696765987218,0.07692307692307693,0.9230769230769231,0.0,-4.050925688917246,12.500000000000004,4.427475456695058,-8.072524543304946,-0.6782039756941839,-0.8404938084138387,-0.23410313456836063
B18HKJVB3NE,Husky 18.3,HKJVB,18,B,10,6,8.31423873244301,4.217496329676452,-4.096742402766559,-0.8511042743809082,0.0,1.0,0.0,-4.096742402766559,8.31423873244301,6.265867531059731,-2.0483712013832793,-0.39579007698957874,0.0,1.0,0.0,-2.0483712013832793,6.448662459353486,2.519338278242592,-3.9293241811108937,-0.6073565791128714,-0.8511042743809082,-0.2378207147706884
B18NEVBC3NE,NEVBC Boys 18 Blue,NEVBC,18,B,10,6,-7.924865591397844,-12.095900431070069,-4.171034839672225,-0.8783775010740756,0.2,0.8,0.0,-4.171034839672225,-7.924865591397844,-10.010383011233959,-2.0855174198361146,-0.3967441917859673,0.0,1.0,0.0,-2.0855174198361146,-5.500000000000002,-10.711775226126926,-5.211775226126925,-0.865471268975921,-0.8783775010740756,-0.24737641269411526
B17HKJVB4NE,Husky 17.4,HKJVB,17,B,10,6,-6.781039995160953,-11.534027709889934,-4.752987714728981,-0.8942746007204024,0.0,1.0,0.0,-4.752987714728981,-6.781039995160953,-9.157533852525445,-2.3764938573644923,-0.5010006941131117,0.0,1.0,0.0,-2.3764938573644923,0.9606082738055769,-11.546549275488518,-12.507157549294094,-1.0546552860335021,-0.8942746007204024,-0.25294626637472034
B17LIFRY1GE,LI Fury 17 1,LIFRY,17,B,7,3,5.927996144843232,4.135911734581664,-1.7920844102615678,-0.8960422051307839,0.0,1.0,0.0,-1.7920844102615678,5.927996144843232,5.617100119238373,-0.3108960256048592,-0.1554480128024296,0.0,1.0,0.0,-0.3108960256048592,11.73808101926636,4.1016252643606785,-7.636455754905682,-1.0946323876447093,-0.8960422051307839,-0.25356558047289246
B17RAPTO1GE,NYC Raptors 17 Black,RAPTO,17,B,7,3,-2.9000072247036632,-4.712305266500373,-1.8122980417967094,-0.9061490208983547,0.0,1.0,0.0,-1.8122980417967094,-2.9000072247036632,-3.7822219501009826,-0.8822147253973194,-0.4411073626986597,0.0,1.0,0.0,-0.8822147253973194,1.5338159560188684,-6.169711439770951,-7.703527395789819,-0.9189205263369375,-0.9061490208983547,-0.25710669717056683
B17117902XX,Torrimar 17 2,11790,17,B,9,5,4.66922360124088,1.257911424799802,-3.411312176441078,-0.9214837561578865,0.25,0.75,0.0,-3.4113121764410774,4.66922360124088,3.0849299178197893,-1.5842936834210906,-0.3683956390506177,0.25,0.75,0.0,-1.5842936834210906,3.4999999999999742,3.3099826401770898,-0.19001735982288448,-0.6310821265357115,-0.9214837561578865,-0.26247951570518185
B16RRJVB3NE,Boston United Boys 16 Select 1,RRJVB,16,B,23,19,3.4030078674558895,-11.08577364000666,-14.48878150746255,-0.9217366731047522,0.1111111111111111,0.8888888888888888,0.0,-14.488781507462548,3.4030078674558895,-2.8152706466917623,-6.218278514147652,-0.3375735081085741,0.0,1.0,0.0,-6.218278514147652,-7.5000000000000036,-10.605975044584738,-3.105975044584735,-0.7333355694284233,-0.9217366731047522,-0.26256813000708146
B16MVNER1NE,Meraki VB 16 1,MVNER,16,B,7,3,-9.312099239760787,-11.172961603879235,-1.8608623641184483,-0.9304311820592241,0.0,1.0,0.0,-1.8608623641184483,-9.312099239760787,-9.470722133835917,-0.15862289407512975,-0.07931144703756488,0.5,0.5,0.0,-0.15862289407512975,-2.0350065332081817,-10.95578496524937,-8.920778432041189,-0.9591067299548113,-0.9304311820592241,-0.26561441793245844
B16PVJVB2NE,PV Boys 16 2,PVJVB,16,B,18,14,-10.512280310467514,-21.38713355439199,-10.874853243924477,-0.9333794053405162,0.07692307692307693,0.9230769230769231,0.0,-10.874853243924477,-10.512280310467514,-15.462991503795259,-4.950711193327745,-0.38262516588702356,0.0,1.0,0.0,-4.950711193327745,-14.499999999999968,-21.239190857534766,-6.739190857534798,-0.778407370391693,-0.9333794053405162,-0.2666473844898735
B15TTVBC1NE,SLAM 15 1 Boys,TTVBC,15,B,17,13,-8.704605263157898,-22.24762687708771,-13.543021613929813,-0.9584578984068076,0.16666666666666666,0.8333333333333334,0.0,-13.543021613929813,-8.704605263157898,-15.002414525445818,-6.29780926228792,-0.4473338724498795,0.0,1.0,0.0,-6.29780926228792,-12.499999999999996,-23.343545706942738,-10.843545706942741,-0.9522333579426191,-0.9584578984068076,-0.27543411540412466
B16LHVBC2NE,LHV Boys 16-2 Hunters,LHVBC,16,B,17,13,3.230866834372642,-9.194195938876337,-12.425062773248978,-0.959118318202831,0.0,1.0,0.0,-12.42506277324898,3.230866834372642,-3.427526200213745,-6.658393034586387,-0.5179718263149307,0.0,1.0,0.0,-6.658393034586386,7.500000000000001,-13.192063577130329,-20.69206357713033,-1.0292142362559196,-0.959118318202831,-0.2756655061429048
B15SPTMC4GE,Sportime 15 4,SPTMC,15,B,8,4,-14.09442545070372,-17.55270883379695,-3.458283383093228,-1.0482654579353317,0.0,1.0,0.0,-3.458283383093228,-14.09442545070372,-15.82915709564131,-1.7347316449375896,-0.5715597635466347,0.0,1.0,0.0,-1.7347316449375896,-4.999999999999899,-18.832650938951694,-13.832650938951796,-1.2526299172472652,-1.0482654579353317,-0.3068999159032546
B15SJJVB1NE,SMASH Boys 15-1,SJJVB,15,B,18,14,16.179635184843185,5.665135554836486,-10.5144996300067,-1.1095403778158153,0.15384615384615385,0.8461538461538461,0.0,-10.514499630006698,16.179635184843185,12.05234777235048,-4.127287412492706,-0.39280624478642717,0.23076923076923078,0.7692307692307693,0.0,-4.127287412492706,7.000000000000043,4.879972600161535,-2.1200273998385075,-0.8366713861196388,-1.1095403778158153,-0.3283687590015585
B14SPTMC3GE,Sportime 14 3,SPTMC,14,B,8,4,-9.327349873660403,-12.645901038088988,-3.3185511644285857,-1.1215261144139013,0.0,1.0,0.0,-3.3185511644285857,-9.327349873660403,-10.816972709069772,-1.489622835409369,-0.4749384506860778,0.0,1.0,0.0,-1.489622835409369,-9.24143828795183,-14.115485366877627,-4.874047078925797,-0.9813034233815817,-1.1215261144139013,-0.3325681916396396
B15CORE12GE,CORE Boys 15 Titanium,CORE1,15,B,7,3,1.8789712612815723,-0.4163086743559372,-2.2952799356375095,-1.1476399678187548,0.0,1.0,0.0,-2.2952799356375095,1.8789712612815723,0.8875973105922709,-0.9913739506893015,-0.4956869753446507,0.0,1.0,0.0,-0.9913739506893015,8.500000000000083,-1.57965886299387,-10.079658862993954,-1.1185647163420218,-1.1476399678187548,-0.3417176809010604
B17SYRVB1XL,SVC 17 1 Boys,SYRVB,17,B,8,4,18.581938469510483,15.092595599390998,-3.4893428701194846,-1.1616391861563762,0.0,1.0,0.0,-3.4893428701194846,18.581938469510483,17.44719912921697,-1.134739340293514,-0.3747300633106498,0.3333333333333333,0.6666666666666666,0.0,-1.134739340293514,21.490350659901495,17.496388241380135,-3.9939624185213596,-0.9856131095986268,-1.1616391861563762,-0.34662257547416647
B15HKJVB1NE,Husky 15.1,HKJVB,15,B,10,6,-4.356044685335219,-9.982440157337226,-5.626395472002008,-1.1620333174678659,0.0,1.0,0.0,-5.626395472002008,-4.356044685335219,-7.169242421336223,-2.8131977360010048,-0.5461993376337958,0.0,1.0,0.0,-2.8131977360010048,-1.0368578284602639,-11.00844400412625,-9.971586175665987,-1.1827539406916996,-1.1620333174678659,-0.34676066693643204
B17LHVBC1NE,LHV Boys 17-1 Ubuntu,LHVBC,17,B,11,7,12.225564144225611,5.777459647704327,-6.448104496521284,-1.1982691837265074,0.16666666666666666,0.8333333333333334,0.0,-6.448104496521284,12.225564144225611,9.809250859053124,-2.416313285172487,-0.5024953090342754,0.16666666666666666,0.8333333333333334,0.0,-2.416313285172487,7.999999999999992,4.4628052721316145,-3.5371947278683775,-0.6504995451727607,-1.1982691837265074,-0.35945659748608055
B14HKJVB1NE,Husky 14.1,HKJVB,14,B,9,5,-7.666919423221534,-12.306835437566557,-4.639916014345022,-1.204540542492113,0.25,0.75,0.0,-4.639916014345022,-7.666919423221534,-9.76561331033024,-2.0986938871087055,-0.5266186550510928,0.0,1.0,0.0,-2.0986938871087055,-0.9649162713411279,-11.507638819621466,-10.542722548280338,-1.3223855580493682,-1.204540542492113,-0.3616538882800069
B15MCJVB1NE,Mill City 15's,MCJVB,15,B,20,16,17.039583333333347,-0.5287621327599593,-17.568345466093305,-1.212058477547527,0.13333333333333333,0.8666666666666667,0.0,-17.56834546609331,17.039583333333347,9.225841398015472,-7.813741935317875,-0.49808423414287134,0.0,1.0,0.0,-7.813741935317875,12.49999999999999,-1.6006877764480052,-14.100687776447995,-1.0979192451801993,-1.212058477547527,-0.3642879409795899
B15TACCU1GE,Accuracy 15 Champ,TACCU,15,B,13,9,5.847177419354843,-4.630796053166649,-10.47797347252149,-1.2171764479179283,0.375,0.625,0.0,-10.47797347252149,5.847177419354843,-1.170322530399364,-7.017499949754207,-0.7903637070811668,0.0,1.0,0.0,-7.017499949754207,11.999999999999993,-5.231615374527682,-17.231615374527674,-1.301303266723214,-1.2171764479179283,-0.36608112003356874
B16HKJVB2NE,Husky 16.2,HKJVB,16,B,10,6,-5.89990108159775,-11.789841909322188,-5.8899408277244385,-1.2188336072928407,0.0,1.0,0.0,-5.8899408277244385,-5.89990108159775,-8.844871495459971,-2.9449704138622215,-0.5863435038227719,0.0,1.0,0.0,-2.9449704138622215,-5.452276989206858,-13.792125627848389,-8.33984863864153,-1.0825821501420414,-1.2188336072928407,-0.3666617375958319
B18SPTMC3GE,Sportime 18 3,SPTMC,18,B,8,4,-3.937956328625242,-7.3798111209172275,-3.4418547922919855,-1.2283979083568806,0.0,1.0,0.0,-3.4418547922919855,-3.937956328625242,-5.005312907878521,-1.0673565792532789,-0.35223510812030046,0.3333333333333333,0.6666666666666666,0.0,-1.0673565792532789,-5.500000000000833,-4.677194419654758,0.822805580346075,-0.8056188386023115,-1.2283979083568806,-0.37001277386465636
B15SPTMC3GE,Sportime 15 3,SPTMC,15,B,7,3,-17.444161841437364,-20.007440090324046,-2.5632782488866823,-1.2816391244433412,0.0,1.0,0.0,-2.5632782488866823,-17.444161841437364,-17.26721911213635,0.17694272930101462,0.08847136465050731,1.0,0.0,0.0,0.17694272930101462,-11.499999999999895,-16.764700771794562,-5.264700771794667,-0.8158312251637492,-1.2816391244433412,-0.38866685479617913
B17CAMYV1NE,CYVB 17 1,CAMYV,17,B,13,9,5.129361321942644,-3.5891961580084,-8.718557479951045,-1.287889223928901,0.25,0.75,0.0,-8.718557479951043,5.129361321942644,1.6886299908228075,-3.440731331119837,-0.5073120365967301,0.125,0.875,0.0,-3.440731331119837,2.999999999999987,-5.265448276006825,-8.265448276006811,-0.995802134984224,-1.287889223928901,-0.39085669699370457
B16LHVBC1NE,LHV Boys 16-1 Valiants,LHVBC,16,B,19,15,13.69807516202097,-1.6415248828186477,-15.339600044839617,-1.3556350679398814,0.07142857142857142,0.9285714285714286,0.0,-15.339600044839619,13.69807516202097,5.892778732063356,-7.805296429957615,-0.6542946469328029,0.07142857142857142,0.9285714285714286,0.0,-7.805296429957615,12.5,-1.940008167852171,-14.44000816785217,-1.1583996845434708,-1.3556350679398814,-0.41459275243809773
B16NESVC2NE,NE Storm 16 Monsoon,NESVC,16,B,18,14,9.951587877673054,-8.709323904084973,-18.660911781758028,-1.3758646455944261,0.07692307692307693,0.9230769230769231,0.0,-18.66091178175803,9.951587877673054,1.860981691455765,-8.09060618621729,-0.6128495375192343,0.0,1.0,0.0,-8.090606186217288,16.333333333333343,-8.818356839806452,-25.151690173139794,-1.3273379440591115,-1.3758646455944261,-0.42168057286213884
B15SJJVB2NE,SMASH Boys 15 Lightning,SJJVB,15,B,15,11,1.192275535714327,-10.336466429066693,-11.52874196478102,-1.3769229080330379,0.1,0.9,0.0,-11.52874196478102,1.192275535714327,-3.3960709014859845,-4.588346437200311,-0.5567374160814647,0.2,0.8,0.0,-4.588346437200312,4.500000000000014,-10.914401030152096,-15.41440103015211,-1.1668566646017047,-1.3769229080330379,-0.422051355399198
B17SPTMC4GE,Sportime 17 4,SPTMC,17,B,7,3,-6.931906211305855,-9.793256330263542,-2.861350118957687,-1.4306750594788435,0.0,1.0,0.0,-2.861350118957687,-6.931906211305855,-8.863567615901513,-1.9316614045956575,-0.9658307022978287,0.0,1.0,0.0,-1.9316614045956575,-6.610229246557978,-14.07241760150725,-7.462188354949273,-1.4539316773317001,-1.4306750594788435,-0.4408844523308159
B17LHVBC2NE,LHV Boys 17-2 Boom,LHVBC,17,B,17,13,1.0367022961584968,-16.892265173620746,-17.928967469779245,-1.495546073227341,0.25,0.75,0.0,-17.928967469779245,1.0367022961584968,-11.629414261279358,-12.666116557437855,-0.9947726003491338,0.0,1.0,0.0,-12.666116557437855,-0.9999999999999947,-18.26646000109494,-17.26646000109495,-1.4046748725026157,-1.495546073227341,-0.46361325586921087
B15SJVBC1NE,South County Juniors Boys 15 1,SJVBC,15,B,15,11,-4.209166666666679,-17.82418491062818,-13.6150182439615,-1.516942787102045,0.2,0.8,0.0,-13.6150182439615,-4.209166666666679,-10.470318898555568,-6.2611522318888895,-0.6697441066148658,0.0,1.0,0.0,-6.2611522318888895,-1.000000000000009,-20.071642931320607,-19.071642931320596,-1.3115384101369667,-1.516942787102045,-0.4711100048472807
B15SAVBC1XL,Sporting Albany Boys 15u,SAVBC,15,B,15,11,-2.6181094723294893,-15.381328167004915,-12.763218694675425,-1.518787089409459,0.1,0.9,0.0,-12.763218694675425,-2.6181094723294893,-8.367389053840117,-5.749279581510628,-0.6649358438730385,0.2,0.8,0.0,-5.749279581510629,-4.500000000000043,-15.899682995389584,-11.399682995389542,-1.2931950259347553,-1.518787089409459,-0.47175619152432474
B17MVNER2NE,Meraki VB 17 2,MVNER,17,B,15,11,-4.703924070301156,-20.987757245015523,-16.283833174714367,-1.5733721440421815,0.3,0.7,0.0,-16.283833174714367,-4.703924070301156,-15.75698472092008,-11.053060650618924,-1.0320965508659705,0.0,1.0,0.0,-11.053060650618924,-1.999999999999994,-21.277342188584587,-19.277342188584594,-1.5555342511521315,-1.5733721440421815,-0.4908811120580113
B16118971XX,Supreme 16-1,11897,16,B,17,13,12.21081444050984,-4.27857163696165,-16.48938607747149,-1.5809148049263257,0.0,1.0,0.0,-16.48938607747149,12.21081444050984,3.9228734989392953,-8.287940941570543,-0.7462978644630262,0.0,1.0,0.0,-8.287940941570543,15.000000000000007,-4.019209046992486,-19.019209046992493,-1.342709967966743,-1.5809148049263257,-0.4935238279257963
B15SPTMC5GE,Sportime 15 Lynbrook,SPTMC,15,B,7,3,-15.401656325062316,-18.634530732440336,-3.23287440737802,-1.61643720368901,0.0,1.0,0.0,-3.23287440737802,-15.401656325062316,-16.911677987167195,-1.5100216621048794,-0.7550108310524397,0.0,1.0,0.0,-1.5100216621048794,-8.499999999999922,-21.835578741035576,-13.335578741035654,-1.935570887739716,-1.61643720368901,-0.5059697814578278
B18XTREM2GE,Xtreme 18 National Kelly,XTREM,18,B,9,5,19.121494029335555,12.287354707186221,-6.834139322149333,-1.723782091795114,0.0,1.0,0.0,-6.834139322149333,19.121494029335555,15.945264231671096,-3.1762297976644582,-0.7893980376707368,0.0,1.0,0.0,-3.1762297976644582,27.22767657365433,11.029655108426743,-16.198021465227583,-1.896022703911431,-1.723782091795114,-0.5435801212942566
B16NEVBC2NE,NEVBC Boys 16.2,NEVBC,16,B,11,7,8.586119700573189,-1.0114135361961387,-9.597533236769328,-1.7365307471965976,0.0,1.0,0.0,-9.597533236769328,8.586119700573189,3.829474238744471,-4.756645461828718,-0.8144765956597892,0.0,1.0,0.0,-4.756645461828718,6.498224913219962,-2.6779209697963697,-9.176145883016332,-1.3900306285453543,-1.7365307471965976,-0.5480468571637223
B15LCVBC1GE,Legacy Boys 15 Premier,LCVBC,15,B,8,4,-8.813946120084289,-13.972511632825999,-5.15856551274171,-1.8134322749725271,0.0,1.0,0.0,-5.15856551274171,-8.813946120084289,-10.713153335571771,-1.8992072154874826,-0.6414897589127758,0.0,1.0,0.0,-1.8992072154874826,-4.333333333334051,-13.44556554067912,-9.11223220734507,-1.7011322983243924,-1.8134322749725271,-0.5749907819711562
B17NYCIV1GE,NYC Impact 17U National,NYCIV,17,B,7,3,20.8248030258723,17.141101324452702,-3.683701701419597,-1.8418508507097986,0.0,1.0,0.0,-3.683701701419597,20.8248030258723,19.46829008340696,-1.35651294246534,-0.67825647123267,0.0,1.0,0.0,-1.35651294246534,25.347186307677873,15.448900536818467,-9.898285770859406,-1.8095630032562462,-1.8418508507097986,-0.5849477748937217
B17RIVAL1GE,Rival 17’s,RIVAL,17,B,7,3,-5.911006557488434,-9.612691447890489,-3.7016848904020554,-1.8508424452010277,0.0,1.0,0.0,-3.7016848904020554,-5.911006557488434,-7.223351034207612,-1.3123444767191783,-0.6561722383595892,0.0,1.0,0.0,-1.3123444767191783,2.4999999999996954,-8.924477219600657,-11.424477219600352,-2.0030941241787095,-1.8508424452010277,-0.5880981524333789
B17SPTMC6GE,Sportime 17 Lynbrook 2,SPTMC,17,B,7,3,-5.421053091669696,-9.129628618317241,-3.708575526647545,-1.8542877633237724,0.0,1.0,0.0,-3.708575526647545,-5.421053091669696,-6.74624415654785,-1.3251910648781537,-0.6625955324390769,0.0,1.0,0.0,-1.3251910648781537,-3.5000000000000364,-9.413663071743363,-5.9136630717433265,-1.8334545604139403,-1.8542877633237724,-0.58930528570006
B16NEVBC3NE,NEVBC Boys 16 Blue,NEVBC,16,B,10,6,-12.130552562947262,-21.966269781522445,-9.835717218575184,-1.972021783973143,0.0,1.0,0.0,-9.835717218575184,-12.130552562947262,-17.04841117223485,-4.917858609287588,-0.9691436501612466,0.0,1.0,0.0,-4.917858609287588,-12.500000000000005,-19.836772670603775,-7.33677267060377,-1.3552561876135327,-1.972021783973143,-0.6305556573298214
B16MVPVA2NE,MVP BOS 16 Blue,MVPVA,16,B,17,13,5.1276472606546495,-19.101520982448932,-24.22916824310358,-2.106534708514386,0.0,1.0,0.0,-24.229168243103583,5.1276472606546495,-9.708636860709131,-14.83628412136378,-1.2514577349657026,0.0,1.0,0.0,-14.836284121363782,11.0,-19.28110558391598,-30.28110558391598,-2.0103259395144044,-2.106534708514386,-0.6776848396658024
B15DIGSV1GE,Digs Boys 15 Red,DIGSV,15,B,7,3,-17.41446469435042,-21.697213789265714,-4.282749094915292,-2.141374547457646,0.0,1.0,0.0,-4.282749094915292,-17.41446469435042,-19.68241119448275,-2.2679465001323287,-1.1339732500661643,0.0,1.0,0.0,-2.2679465001323287,-14.835533960976175,-25.221061456240683,-10.385527495264508,-2.087971779016859,-2.141374547457646,-0.6898916452773306
B15NYCIV1GE,NYC Impact 15 National,NYCIV,15,B,8,4,0.927055189007401,-6.741192922934536,-7.668248111941937,-2.6445641634782633,0.0,1.0,0.0,-7.668248111941937,0.927055189007401,-1.879731668841802,-2.806786857849203,-0.9314181053290396,0.0,1.0,0.0,-2.806786857849203,11.50000000000007,-6.813574703108873,-18.31357470310894,-2.650294525861772,-2.6445641634782633,-0.8661937756777194
B15NEVBC3NE,NEVBC Boys 15 Blue,NEVBC,15,B,10,6,-12.620394736842115,-26.042793776941245,-13.42239904009913,-2.68040028626958,0.0,1.0,0.0,-13.42239904009913,-12.620394736842115,-19.33159425689168,-6.711199520049565,-1.3175863656288478,0.0,1.0,0.0,-6.711199520049565,-12.000000000000005,-27.104226052845306,-15.1042260528453,-2.182953200122055,-2.68040028626958,-0.8787496484386951
B16NEVBC4NE,NEVBC Boys 16 Orange,NEVBC,16,B,10,6,-8.671431722852754,-23.694374636864065,-15.022942914011312,-3.1223701825692833,0.0,1.0,0.0,-15.022942914011312,-8.671431722852754,-16.182903179858407,-7.511471457005653,-1.4983279736050452,0.0,1.0,0.0,-7.511471457005653,-15.33333333333334,-25.083381841428245,-9.750048508094906,-2.206862069484414,-3.1223701825692833,-1.0336022761751227
B17MMVBC1NE,Mayhem 17 1,MMVBC,17,B,10,6,6.199845535901799,-9.35785394471777,-15.557699480619569,-3.2816692299032617,0.0,1.0,0.0,-15.557699480619569,6.199845535901799,-1.5790042044079846,-7.778849740309784,-1.543596848179532,0.0,1.0,0.0,-7.778849740309783,1.000000000000006,-9.73654136018753,-10.736541360187536,-2.2358838708958206,-3.2816692299032617,-1.08941575189395
B18NYCIV2GE,NYC Impact 18 Travel,NYCIV,18,B,7,3,19.404223181511757,12.132498930800182,-7.271724250711575,-3.6358621253557875,0.0,1.0,0.0,-7.271724250711575,19.404223181511757,16.440071008553673,-2.9641521729580838,-1.4820760864790419,0.0,1.0,0.0,-2.9641521729580838,26.152253091628516,8.238194580557714,-17.914058511070802,-3.3688340753152732,-3.6358621253557875,-1.2135140243002787
