team_code,team_name,club,wins,losses,sets_for,sets_against,pts_for,pts_against,set_ratio,pt_ratio,h2h_wins,h2h_set_ratio,finish,n_teams,event,division,finish_pts,finish_pct
G13NEVBC1NE,Northeast 13.1,NEVBC,6,0,12,0,304,215,1.0,0.5857418111753372,0.0,0.0,1,7,AAUTopSeriesSpring26,13 O,7,100.0
G13RRJVB1NE,Boston United 13 National,RRJVB,4,2,8,6,285,274,0.5714285714285714,0.5098389982110912,0.0,0.0,2,7,AAUTopSeriesSpring26,13 O,6,85.71428571428571
G13MCJVB1NE,Mill City 13's,MCJVB,3,2,7,6,265,258,0.5384615384615384,0.5066921606118547,0.0,0.0,3,7,AAUTopSeriesSpring26,13 O,5,71.42857142857143
G13SJJVB1NE,SMASH 13s,SJJVB,2,3,5,6,241,201,0.45454545454545453,0.5452488687782805,1.0,1.0,4,7,AAUTopSeriesSpring26,13 O,4,57.14285714285714
G13SPAVB1XL,Spa City 13 Aqua,SPAVB,2,3,5,7,228,257,0.4166666666666667,0.47010309278350515,0.0,0.0,5,7,AAUTopSeriesSpring26,13 O,3,42.857142857142854
G13LEGIO1XL,TeamLVC 13 Black,LEGIO,2,4,6,9,289,304,0.4,0.4873524451939292,0.0,0.0,6,7,AAUTopSeriesSpring26,13 O,2,28.57142857142857
G13CJJVB1NE,CT Juniors 13 National,CJJVB,0,5,1,10,161,264,0.09090909090909091,0.3788235294117647,0.0,0.0,7,7,AAUTopSeriesSpring26,13 O,1,14.285714285714285
G14NEVBC1NE,Northeast 14.1,NEVBC,6,0,12,1,307,210,0.9230769230769231,0.5938104448742747,0.0,0.0,1,7,AAUTopSeriesSpring26,14 O,7,100.0
G14HKJVB1NE,Husky 14 National,HKJVB,4,1,8,3,237,216,0.7272727272727273,0.5231788079470199,0.0,0.0,2,7,AAUTopSeriesSpring26,14 O,6,85.71428571428571
G14SJJVB1NE,SMASH 14s,SJJVB,3,3,8,6,303,255,0.5714285714285714,0.543010752688172,1.0,1.0,3,7,AAUTopSeriesSpring26,14 O,5,71.42857142857143
G14SPAVB1XL,Spa City 14 Aqua,SPAVB,3,3,7,7,269,278,0.5,0.49177330895795246,0.0,0.0,4,7,AAUTopSeriesSpring26,14 O,4,57.14285714285714
G14LEGIO1XL,TeamLVC 14 Black,LEGIO,2,3,4,6,214,216,0.4,0.49767441860465117,0.0,0.0,5,7,AAUTopSeriesSpring26,14 O,3,42.857142857142854
G14CMJVB1NE,CMASS EDGE 14 Black,CMJVB,1,4,3,9,216,263,0.25,0.4509394572025052,0.0,0.0,6,7,AAUTopSeriesSpring26,14 O,2,28.57142857142857
G14CJJVB1NE,CT Juniors 14 National,CJJVB,0,5,0,10,142,250,0.0,0.3622448979591837,0.0,0.0,7,7,AAUTopSeriesSpring26,14 O,1,14.285714285714285
G15NEVBC1NE,Northeast 15.1,NEVBC,6,0,12,1,311,214,0.9230769230769231,0.5923809523809523,0.0,0.0,1,9,AAUTopSeriesSpring26,15 O,9,100.0
G15SJJVB1NE,SMASH 15s,SJJVB,4,3,9,6,335,306,0.6,0.5226209048361935,0.0,0.0,2,9,AAUTopSeriesSpring26,15 O,8,88.88888888888889
G15LDNER1NE,Lockdown VBC 15 Cardinals,LDNER,3,2,6,5,249,248,0.5454545454545454,0.5010060362173038,1.0,1.0,3,9,AAUTopSeriesSpring26,15 O,7,77.77777777777779
G15RRJVB1NE,Boston United 15 National,RRJVB,3,2,7,6,260,270,0.5384615384615384,0.49056603773584906,0.0,0.0,4,9,AAUTopSeriesSpring26,15 O,6,66.66666666666666
G15CJJVB1NE,CT Juniors 15 National,CJJVB,2,3,4,7,211,245,0.36363636363636365,0.46271929824561403,2.0,0.8,5,9,AAUTopSeriesSpring26,15 O,5,55.55555555555556
G15CMJVB1NE,CMASS EDGE 15 Black,CMJVB,2,3,6,7,252,266,0.46153846153846156,0.4864864864864865,0.0,0.3333333333333333,6,9,AAUTopSeriesSpring26,15 O,4,44.44444444444444
G15MCJVB1NE,Mill City 15's,MCJVB,2,3,4,7,226,254,0.36363636363636365,0.4708333333333333,0.0,0.0,7,9,AAUTopSeriesSpring26,15 O,3,33.33333333333333
G15SPAVB1XL,Spa City 15 Aqua,SPAVB,1,4,4,9,243,278,0.3076923076923077,0.46641074856046066,1.0,0.6666666666666666,8,9,AAUTopSeriesSpring26,15 O,2,22.22222222222222
G15LEGIO1XL,TeamLVC 15 Black,LEGIO,1,4,4,8,251,257,0.3333333333333333,0.4940944881889764,0.0,0.3333333333333333,9,9,AAUTopSeriesSpring26,15 O,1,11.11111111111111
G16NEVBC1NE,Northeast 16.1,NEVBC,6,0,12,1,314,209,0.9230769230769231,0.6003824091778203,0.0,0.0,1,10,AAUTopSeriesSpring26,16 O,10,100.0
G16SPAVB1XL,Spa City 16 Aqua,SPAVB,4,1,9,4,273,255,0.6923076923076923,0.5170454545454546,0.0,0.0,2,10,AAUTopSeriesSpring26,16 O,9,90.0
G16SJJVB1NE,SMASH 16s,SJJVB,4,2,9,6,316,303,0.6,0.5105008077544426,0.0,0.0,3,10,AAUTopSeriesSpring26,16 O,8,80.0
G16LEGIO1XL,TeamLVC 16 Black,LEGIO,3,2,7,5,257,218,0.5833333333333334,0.5410526315789473,0.0,0.0,4,10,AAUTopSeriesSpring26,16 O,7,70.0
G16HKJVB1NE,Husky 16 National,HKJVB,2,3,5,7,230,246,0.4166666666666667,0.4831932773109244,2.0,0.8,5,10,AAUTopSeriesSpring26,16 O,6,60.0
G16RRJVB1NE,Boston United 16 National,RRJVB,2,3,4,6,182,225,0.4,0.44717444717444715,1.0,0.5,6,10,AAUTopSeriesSpring26,16 O,5,50.0
G16MCJVB1NE,Mill City 16's,MCJVB,2,3,4,7,217,244,0.36363636363636365,0.47071583514099785,1.0,0.4,7,10,AAUTopSeriesSpring26,16 O,4,40.0
G16LDNER1NE,Lockdown VBC 16 Hawks,LDNER,2,3,7,6,262,241,0.5384615384615384,0.5208747514910537,0.0,0.3333333333333333,8,10,AAUTopSeriesSpring26,16 O,3,30.0
G16CMJVB1NE,CMASS EDGE 16 Black,CMJVB,1,4,3,8,218,253,0.2727272727272727,0.46284501061571126,0.0,0.0,9,10,AAUTopSeriesSpring26,16 O,2,20.0
G16CJJVB1NE,CT Juniors 16 National,CJJVB,0,5,0,10,176,251,0.0,0.41217798594847777,0.0,0.0,10,10,AAUTopSeriesSpring26,16 O,1,10.0
G17LDNER1NE,Lockdown VBC 17 Phoenix,LDNER,5,2,12,5,376,287,0.7058823529411765,0.5671191553544495,0.0,0.0,1,9,AAUTopSeriesSpring26,17 O,9,100.0
G17NEVBC1NE,Northeast 17.1,NEVBC,4,1,8,2,243,192,0.8,0.5586206896551724,0.0,0.0,2,9,AAUTopSeriesSpring26,17 O,8,88.88888888888889
G17MCJVB1NE,Mill City 17's,MCJVB,4,1,9,5,276,269,0.6428571428571429,0.5064220183486239,0.0,0.0,3,9,AAUTopSeriesSpring26,17 O,7,77.77777777777779
G17CMJVB1NE,CMASS EDGE 17 Black,CMJVB,4,2,8,6,295,312,0.5714285714285714,0.48599670510708404,0.0,0.0,4,9,AAUTopSeriesSpring26,17 O,6,66.66666666666666
G17SPAVB1XL,Spa City 17 Aqua,SPAVB,3,2,7,6,273,230,0.5384615384615384,0.5427435387673957,0.0,0.0,5,9,AAUTopSeriesSpring26,17 O,5,55.55555555555556
G17SJJVB1NE,SMASH 17s,SJJVB,3,3,8,7,313,291,0.5333333333333333,0.5182119205298014,0.0,0.0,6,9,AAUTopSeriesSpring26,17 O,4,44.44444444444444
G17RRJVB1NE,Boston United 17 National - Kyle,RRJVB,1,4,3,9,156,271,0.25,0.36533957845433257,0.0,0.0,7,9,AAUTopSeriesSpring26,17 O,3,33.33333333333333
G17HKJVB1NE,Husky 17 National,HKJVB,1,5,3,11,299,322,0.21428571428571427,0.48148148148148145,0.0,0.0,8,9,AAUTopSeriesSpring26,17 O,2,22.22222222222222
G17LEGIO1XL,TeamLVC 17 Black,LEGIO,0,5,3,10,218,275,0.23076923076923078,0.4421906693711968,0.0,0.0,9,9,AAUTopSeriesSpring26,17 O,1,11.11111111111111
G18HKJVB1NE,Husky 18 National,HKJVB,4,1,8,5,285,262,0.6153846153846154,0.5210237659963437,1.0,0.6666666666666666,1,8,AAUTopSeriesSpring26,18 O,8,100.0
G18CMJVB1NE,CMASS EDGE 18 Black,CMJVB,4,1,9,3,276,230,0.75,0.5454545454545454,0.0,0.3333333333333333,2,8,AAUTopSeriesSpring26,18 O,7,87.5
G18NEVBC1NE,Northeast 18.1,NEVBC,3,2,7,4,251,199,0.6363636363636364,0.5577777777777778,1.0,1.0,3,8,AAUTopSeriesSpring26,18 O,6,75.0
G18SJJVB1NE,SMASH 18s,SJJVB,3,2,7,4,237,234,0.6363636363636364,0.5031847133757962,1.0,0.5,4,8,AAUTopSeriesSpring26,18 O,5,62.5
G18RRJVB1NE,Boston United 18 National,RRJVB,3,2,7,5,259,238,0.5833333333333334,0.5211267605633803,0.0,0.0,5,8,AAUTopSeriesSpring26,18 O,4,50.0
G18LDNER1NE,Lockdown VBC 18 Eagles,LDNER,2,3,4,8,207,264,0.3333333333333333,0.4394904458598726,0.0,0.0,6,8,AAUTopSeriesSpring26,18 O,3,37.5
G18LEGIO1XL,TeamLVC 18 Black,LEGIO,1,4,4,9,241,276,0.3076923076923077,0.4661508704061896,0.0,0.0,7,8,AAUTopSeriesSpring26,18 O,2,25.0
G18MCJVB1NE,Mill City 18’s,MCJVB,0,5,2,10,220,273,0.16666666666666666,0.4462474645030426,0.0,0.0,8,8,AAUTopSeriesSpring26,18 O,1,12.5
G13NYCJR1GE,NYC Juniors 13 National,NYCJR,5,0,10,3,287,222,0.7692307692307693,0.5638506876227898,0.0,0.0,1,8,AAUTopSeriesWinter26,13 O,8,100.0
G13NEVBC1NE,Northeast 13.1,NEVBC,3,2,7,5,259,224,0.5833333333333334,0.5362318840579711,2.0,0.8,2,8,AAUTopSeriesWinter26,13 O,7,87.5
G13SJJVB1NE,SMASH 13s,SJJVB,3,2,8,4,266,230,0.6666666666666666,0.5362903225806451,1.0,0.6,3,8,AAUTopSeriesWinter26,13 O,6,75.0
G13SPAVB1XL,Spa City 13 Aqua,SPAVB,3,2,6,7,241,261,0.46153846153846156,0.4800796812749004,1.0,0.2857142857142857,4,8,AAUTopSeriesWinter26,13 O,5,62.5
G13SOSVB1GE,Sideout 13N Carly,SOSVB,3,2,8,4,260,210,0.6666666666666666,0.5531914893617021,0.0,0.3333333333333333,5,8,AAUTopSeriesWinter26,13 O,4,50.0
G13CACLI1GE,CALI 13 Black,CACLI,2,3,5,7,242,244,0.4166666666666667,0.49794238683127573,0.0,0.0,6,8,AAUTopSeriesWinter26,13 O,3,37.5
G13MCJVB1NE,Mill City 13's,MCJVB,1,4,4,9,228,277,0.3076923076923077,0.4514851485148515,0.0,0.0,7,8,AAUTopSeriesWinter26,13 O,2,25.0
G13LEGIO1XL,TeamLVC 13 Black,LEGIO,0,5,1,10,148,263,0.09090909090909091,0.36009732360097324,0.0,0.0,8,8,AAUTopSeriesWinter26,13 O,1,12.5
G14NYCJR1GE,NYC Juniors 14 National,NYCJR,5,1,10,3,301,241,0.7692307692307693,0.5553505535055351,1.0,0.75,1,9,AAUTopSeriesWinter26,14 O,9,100.0
G14SOSVB1GE,Sideout 14N Jeff,SOSVB,5,1,9,3,281,222,0.75,0.558648111332008,1.0,0.25,2,9,AAUTopSeriesWinter26,14 O,8,88.88888888888889
G14NEVBC1NE,Northeast 14.1,NEVBC,4,2,8,5,274,232,0.6153846153846154,0.541501976284585,0.0,0.0,3,9,AAUTopSeriesWinter26,14 O,7,77.77777777777779
G14HKJVB1NE,Husky 14 National,HKJVB,3,2,7,5,260,214,0.5833333333333334,0.5485232067510548,1.0,0.6,4,9,AAUTopSeriesWinter26,14 O,6,66.66666666666666
G14SJJVB1NE,SMASH 14s,SJJVB,3,2,7,5,248,256,0.5833333333333334,0.49206349206349204,1.0,0.4,5,9,AAUTopSeriesWinter26,14 O,5,55.55555555555556
G14CACLI1GE,CALI 14 Black,CACLI,2,3,6,8,265,249,0.42857142857142855,0.5155642023346303,0.0,0.0,6,9,AAUTopSeriesWinter26,14 O,4,44.44444444444444
G14LEGIO1XL,TeamLVC 14 Black,LEGIO,1,4,3,9,208,277,0.25,0.4288659793814433,0.0,0.0,7,9,AAUTopSeriesWinter26,14 O,3,33.33333333333333
G14SPAVB1XL,Spa City 14 Aqua,SPAVB,1,5,5,9,260,311,0.35714285714285715,0.4553415061295972,1.0,1.0,8,9,AAUTopSeriesWinter26,14 O,2,22.22222222222222
G14CMJVB1NE,CMASS EDGE 14 Black,CMJVB,1,5,2,10,195,290,0.16666666666666666,0.4020618556701031,0.0,0.0,9,9,AAUTopSeriesWinter26,14 O,1,11.11111111111111
G15SOSVB1GE,Sideout 15N Artem,SOSVB,6,0,12,1,310,203,0.9230769230769231,0.6042884990253411,0.0,0.0,1,12,AAUTopSeriesWinter26,15 O,12,100.0
G15NEVBC1NE,Northeast 15.1,NEVBC,4,1,9,2,259,173,0.8181818181818182,0.5995370370370371,0.0,0.0,2,12,AAUTopSeriesWinter26,15 O,11,91.66666666666666
G15SJJVB1NE,SMASH 15s,SJJVB,4,1,9,3,252,215,0.75,0.5396145610278372,0.0,0.0,3,12,AAUTopSeriesWinter26,15 O,10,83.33333333333334
G15NYCJR1GE,NYC Juniors 15 National,NYCJR,4,2,8,5,271,269,0.6153846153846154,0.5018518518518519,0.0,0.0,4,12,AAUTopSeriesWinter26,15 O,9,75.0
G15LDNER1NE,Lockdown VBC 15 Cardinals,LDNER,3,2,7,6,269,252,0.5384615384615384,0.5163147792706334,0.0,0.0,5,12,AAUTopSeriesWinter26,15 O,8,66.66666666666666
G15LEGIO1XL,TeamLVC 15 Black,LEGIO,3,2,6,7,248,254,0.46153846153846156,0.4940239043824701,0.0,0.0,6,12,AAUTopSeriesWinter26,15 O,7,58.333333333333336
G15CMJVB1NE,CMASS EDGE 15 Black,CMJVB,2,3,5,6,209,238,0.45454545454545453,0.46756152125279643,0.0,0.0,7,12,AAUTopSeriesWinter26,15 O,6,50.0
G15VOLFX1WE,VolleyFX 15 Chant,VOLFX,2,3,5,7,243,259,0.4166666666666667,0.48406374501992033,0.0,0.0,8,12,AAUTopSeriesWinter26,15 O,5,41.66666666666667
G15CACLI1GE,CALI 15 Black,CACLI,1,4,4,9,239,286,0.3076923076923077,0.4552380952380952,0.0,0.0,9,12,AAUTopSeriesWinter26,15 O,4,33.33333333333333
G15HKJVB1NE,Husky 15 National,HKJVB,1,4,3,8,202,235,0.2727272727272727,0.4622425629290618,0.0,0.0,10,12,AAUTopSeriesWinter26,15 O,3,25.0
G15SPAVB1XL,Spa City 15 Aqua,SPAVB,1,4,3,8,206,251,0.2727272727272727,0.45076586433260396,0.0,0.0,11,12,AAUTopSeriesWinter26,15 O,2,16.666666666666664
G15MCJVB1NE,Mill City 15's,MCJVB,0,5,1,10,182,255,0.09090909090909091,0.41647597254004576,0.0,0.0,12,12,AAUTopSeriesWinter26,15 O,1,8.333333333333332
G16NEVBC1NE,Northeast 16.1,NEVBC,6,0,12,2,322,246,0.8571428571428571,0.5669014084507042,0.0,0.0,1,14,AAUTopSeriesWinter26,16 O,14,100.0
G16SJJVB1NE,SMASH 16s,SJJVB,4,1,9,3,271,188,0.75,0.5904139433551199,0.0,0.0,2,14,AAUTopSeriesWinter26,16 O,13,92.85714285714286
G16SOSVB1GE,Sideout 16N Cooper,SOSVB,4,1,8,4,261,225,0.6666666666666666,0.5370370370370371,0.0,0.0,3,14,AAUTopSeriesWinter26,16 O,12,85.71428571428571
G16VOLFX1WE,VolleyFX 16 Mantra,VOLFX,4,2,9,5,293,275,0.6428571428571429,0.5158450704225352,0.0,0.0,4,14,AAUTopSeriesWinter26,16 O,11,78.57142857142857
G16HKJVB1NE,Husky 16 National,HKJVB,3,2,6,5,234,245,0.5454545454545454,0.48851774530271397,1.0,1.0,5,14,AAUTopSeriesWinter26,16 O,10,71.42857142857143
G16LEGIO1XL,TeamLVC 16 Black,LEGIO,3,2,8,5,272,264,0.6153846153846154,0.5074626865671642,0.0,0.0,6,14,AAUTopSeriesWinter26,16 O,9,64.28571428571429
G16CACLI1GE,CALI 16 Black,CACLI,3,2,7,6,281,264,0.5384615384615384,0.5155963302752293,0.0,0.0,7,14,AAUTopSeriesWinter26,16 O,8,57.14285714285714
G16NYCVA1GE,NYC VBA 16 Broadway,NYCVA,2,3,5,6,222,221,0.45454545454545453,0.5011286681715575,1.0,1.0,8,14,AAUTopSeriesWinter26,16 O,7,50.0
G16NYCJR1GE,NYC Juniors 16 National,NYCJR,2,3,5,7,230,257,0.4166666666666667,0.4722792607802875,1.0,0.6666666666666666,9,14,AAUTopSeriesWinter26,16 O,6,42.857142857142854
G16CMJVB1NE,CMASS EDGE 16 Black,CMJVB,2,3,6,7,247,259,0.46153846153846156,0.4881422924901186,0.0,0.3333333333333333,10,14,AAUTopSeriesWinter26,16 O,5,35.714285714285715
G16SPAVB1XL,Spa City 16 Aqua,SPAVB,2,3,5,7,228,263,0.4166666666666667,0.46435845213849286,0.0,0.0,11,14,AAUTopSeriesWinter26,16 O,4,28.57142857142857
G16LDNER1NE,Lockdown VBC 16 Hawks,LDNER,1,4,2,8,212,251,0.2,0.45788336933045354,0.0,0.0,12,14,AAUTopSeriesWinter26,16 O,3,21.428571428571427
G16MCJVB1NE,Mill City 16's,MCJVB,0,5,2,10,215,270,0.16666666666666666,0.44329896907216493,0.0,0.0,13,14,AAUTopSeriesWinter26,16 O,2,14.285714285714285
G16SOSVB2GE,Sideout 16N Carly,SOSVB,0,5,1,10,206,266,0.09090909090909091,0.4364406779661017,0.0,0.0,14,14,AAUTopSeriesWinter26,16 O,1,7.142857142857142
G17NYCVA1GE,NYC VBA 17 Westside,NYCVA,6,0,12,0,300,201,1.0,0.5988023952095808,0.0,0.0,1,14,AAUTopSeriesWinter26,17 O,14,100.0
G17LDNER1NE,Lockdown VBC 17 Phoenix,LDNER,4,1,9,2,259,212,0.8181818181818182,0.5498938428874734,0.0,0.0,2,14,AAUTopSeriesWinter26,17 O,13,92.85714285714286
G17SJJVB1NE,SMASH 17s,SJJVB,4,1,8,5,290,262,0.6153846153846154,0.5253623188405797,0.0,0.0,3,14,AAUTopSeriesWinter26,17 O,12,85.71428571428571
G17NEVBC1NE,Northeast 17.1,NEVBC,4,2,8,4,272,233,0.6666666666666666,0.5386138613861386,1.0,1.0,4,14,AAUTopSeriesWinter26,17 O,11,78.57142857142857
G17CMJVB1NE,CMASS EDGE 17 Black,CMJVB,4,2,8,6,304,293,0.5714285714285714,0.509212730318258,0.0,0.0,5,14,AAUTopSeriesWinter26,17 O,10,71.42857142857143
G17VOLFX1WE,VolleyFX 17 Rapture,VOLFX,3,2,7,5,241,228,0.5833333333333334,0.5138592750533049,0.0,0.0,6,14,AAUTopSeriesWinter26,17 O,9,64.28571428571429
G17MCJVB1NE,Mill City 17's,MCJVB,3,3,8,7,332,295,0.5333333333333333,0.529505582137161,0.0,0.0,7,14,AAUTopSeriesWinter26,17 O,8,57.14285714285714
G17SOSVB1GE,Sideout 17N Justin,SOSVB,2,3,6,6,247,247,0.5,0.5,1.0,1.0,8,14,AAUTopSeriesWinter26,17 O,7,50.0
G17NYCJR1GE,NYC Juniors 17 National,NYCJR,2,3,4,7,213,235,0.36363636363636365,0.47544642857142855,0.0,0.0,9,14,AAUTopSeriesWinter26,17 O,6,42.857142857142854
G17SPAVB1XL,Spa City 17 Aqua,SPAVB,2,3,4,7,227,256,0.36363636363636365,0.4699792960662526,0.0,0.0,10,14,AAUTopSeriesWinter26,17 O,5,35.714285714285715
G17SOSVB2GE,Sideout 17N Artem,SOSVB,2,3,4,7,217,247,0.36363636363636365,0.4676724137931034,0.0,0.0,11,14,AAUTopSeriesWinter26,17 O,4,28.57142857142857
G17HKJVB1NE,Husky 17 National,HKJVB,1,4,4,8,239,267,0.3333333333333333,0.4723320158102767,0.0,0.0,12,14,AAUTopSeriesWinter26,17 O,3,21.428571428571427
G17LEGIO1XL,TeamLVC 17 Black,LEGIO,0,5,1,10,189,263,0.09090909090909091,0.41814159292035397,0.0,0.0,13,14,AAUTopSeriesWinter26,17 O,2,14.285714285714285
G17CACLI1GE,CALI 17 Black,CACLI,0,5,1,10,169,260,0.09090909090909091,0.3939393939393939,0.0,0.0,14,14,AAUTopSeriesWinter26,17 O,1,7.142857142857142
G18VOLFX1WE,VolleyFX 18 Magic,VOLFX,4,1,8,3,254,197,0.7272727272727273,0.5631929046563193,0.0,0.0,1,12,AAUTopSeriesWinter26,18 O,12,100.0
G18SJJVB1NE,SMASH 18s,SJJVB,4,2,9,6,317,286,0.6,0.5257048092868989,1.0,0.6666666666666666,2,12,AAUTopSeriesWinter26,18 O,11,91.66666666666666
G18NEVBC1NE,Northeast 18.1,NEVBC,4,2,10,4,311,238,0.7142857142857143,0.5664845173041895,0.0,0.3333333333333333,3,12,AAUTopSeriesWinter26,18 O,10,83.33333333333334
G18NYCJR1GE,NYC Juniors 18 Gemini,NYCJR,3,2,6,5,250,256,0.5454545454545454,0.49407114624505927,2.0,0.4444444444444444,4,12,AAUTopSeriesWinter26,18 O,9,75.0
G18SOSVB1GE,Sideout 18N Elvis,SOSVB,3,2,6,5,239,215,0.5454545454545454,0.526431718061674,1.0,1.0,5,12,AAUTopSeriesWinter26,18 O,8,66.66666666666666
G18RRJVB1NE,Boston United 18 Premier,RRJVB,3,2,7,5,237,241,0.5833333333333334,0.49581589958158995,1.0,0.6,6,12,AAUTopSeriesWinter26,18 O,7,58.333333333333336
G18CMJVB1NE,CMASS EDGE 18 Black,CMJVB,3,2,8,5,272,235,0.6153846153846154,0.5364891518737672,1.0,0.5,7,12,AAUTopSeriesWinter26,18 O,6,50.0
G18HKJVB1NE,Husky 18 National,HKJVB,3,2,6,6,250,238,0.5,0.5122950819672131,0.0,0.0,8,12,AAUTopSeriesWinter26,18 O,5,41.66666666666667
G18SPAVB1XL,Spa City 18 Aqua,SPAVB,1,4,4,9,217,276,0.3076923076923077,0.44016227180527384,1.0,0.6666666666666666,9,12,AAUTopSeriesWinter26,18 O,4,33.33333333333333
G18MCJVB1NE,Mill City 18’s,MCJVB,1,4,3,8,195,252,0.2727272727272727,0.436241610738255,1.0,0.5,10,12,AAUTopSeriesWinter26,18 O,3,25.0
G18LEGIO1XL,TeamLVC 18 Black,LEGIO,1,4,3,9,213,271,0.25,0.44008264462809915,1.0,0.5,11,12,AAUTopSeriesWinter26,18 O,2,16.666666666666664
G18LDNER1NE,Lockdown VBC 18 Eagles,LDNER,1,4,3,8,203,253,0.2727272727272727,0.4451754385964912,1.0,0.42857142857142855,12,12,AAUTopSeriesWinter26,18 O,1,8.333333333333332
